degradation,fold,level,method,runs,sample_accuracy_mean,sample_accuracy_std,sample_macro_f1_mean,sample_macro_f1_std,test_subjects,trial_accuracy_mean,trial_accuracy_std,trial_macro_f1_mean,trial_macro_f1_std
point_missing,loso_test_p1_val_p2,0.0,pointnet_gru,1,0.505593607305936,0.0,0.42405019052239634,0.0,p1,0.5666666666666667,0.0,0.4609523809523809,0.0
point_missing,loso_test_p1_val_p2,0.1,pointnet_gru,5,0.4991704718417047,0.0003692392532939968,0.4175223804546405,0.00046258427065740864,p1,0.5666666666666667,0.0,0.4609523809523809,0.0
point_missing,loso_test_p1_val_p2,0.2,pointnet_gru,5,0.4925266362252664,0.0005585188168008815,0.409931077342555,0.0007532549904121069,p1,0.5599999999999999,0.01333333333333333,0.457047619047619,0.0078095238095237775
point_missing,loso_test_p1_val_p2,0.3,pointnet_gru,5,0.4848401826484018,0.0009041915823609842,0.40121709447159803,0.0010036488318020246,p1,0.5333333333333333,0.0,0.44142857142857145,0.0
point_missing,loso_test_p1_val_p2,0.4,pointnet_gru,5,0.47551750380517505,0.0008191650163806483,0.39099332248280516,0.0008598049838094722,p1,0.5333333333333333,0.0,0.4378571428571429,0.0
point_missing,loso_test_p1_val_p2,0.5,pointnet_gru,5,0.4636377473363774,0.000438900178243415,0.37810325109894044,0.0005727353467726241,p1,0.5066666666666666,0.01333333333333333,0.41590476190476194,0.010985870125011864
point_missing,loso_test_p1_val_p2,0.6,pointnet_gru,5,0.4461415525114155,0.0006374548429641363,0.35958802721935634,0.0009507559915247813,p1,0.5,0.0,0.4095238095238095,0.0
point_missing,loso_test_p1_val_p2,0.7,pointnet_gru,5,0.41965753424657537,0.0008173955301124745,0.331482358998578,0.0008871069691299166,p1,0.4333333333333334,5.551115123125783e-17,0.3413095238095238,0.0016666666666666607
coordinate_noise,loso_test_p1_val_p2,0.0,pointnet_gru,1,0.505593607305936,0.0,0.42405019052239634,0.0,p1,0.5666666666666667,0.0,0.4609523809523809,0.0
coordinate_noise,loso_test_p1_val_p2,0.01,pointnet_gru,5,0.5064307458143075,0.00028168577661069133,0.425111486620399,0.0003158563862625198,p1,0.5666666666666667,0.0,0.4609523809523809,0.0
coordinate_noise,loso_test_p1_val_p2,0.02,pointnet_gru,5,0.5090258751902588,0.0004904987228104294,0.4283204006254735,0.0005324340711527775,p1,0.5666666666666667,0.0,0.4609523809523809,0.0
coordinate_noise,loso_test_p1_val_p2,0.05,pointnet_gru,5,0.5220015220700153,0.0005911630589326649,0.4460572133431028,0.0006401615448671506,p1,0.5733333333333333,0.01333333333333333,0.4746593406593407,0.023788126761937534
coordinate_noise,loso_test_p1_val_p2,0.08,pointnet_gru,5,0.5382267884322679,0.0006397222430340007,0.46842208660593493,0.0008059471742304133,p1,0.6,0.0,0.5218681318681319,0.0
coordinate_noise,loso_test_p1_val_p2,0.1,pointnet_gru,5,0.5489117199391172,0.0005485790347318343,0.48141335261007895,0.0005445926869527928,p1,0.6266666666666667,0.01333333333333333,0.5489450549450549,0.013538461538461544
strong_synthetic_clutter,loso_test_p1_val_p2,0.0,pointnet_gru,1,0.505593607305936,0.0,0.42405019052239634,0.0,p1,0.5666666666666667,0.0,0.4609523809523809,0.0
strong_synthetic_clutter,loso_test_p1_val_p2,0.1,pointnet_gru,5,0.1880365296803653,0.00038324743719982373,0.0881858868779096,0.0005107520719622152,p1,0.2,0.0,0.07854545454545454,0.0
strong_synthetic_clutter,loso_test_p1_val_p2,0.2,pointnet_gru,5,0.13819634703196348,0.0003268022915309599,0.04852954943543101,0.0002246810700050141,p1,0.1,0.0,0.02142857142857143,0.0
strong_synthetic_clutter,loso_test_p1_val_p2,0.4,pointnet_gru,5,0.11038812785388127,0.0002927760131152414,0.02936954582097696,0.0002313686642569852,p1,0.1,0.0,0.020689655172413793,0.0
strong_synthetic_clutter,loso_test_p1_val_p2,0.6,pointnet_gru,5,0.10222222222222224,0.00020221202824332273,0.02258389457908773,0.00017546304536774856,p1,0.1,0.0,0.02,0.0
strong_synthetic_clutter,loso_test_p1_val_p2,0.8,pointnet_gru,5,0.10041856925418569,4.813208006344082e-05,0.020840179473650026,4.419072661909223e-05,p1,0.1,0.0,0.02,0.0
structured_realistic_clutter,loso_test_p1_val_p2,0.0,pointnet_gru,1,0.505593607305936,0.0,0.42405019052239634,0.0,p1,0.5666666666666667,0.0,0.4609523809523809,0.0
structured_realistic_clutter,loso_test_p1_val_p2,0.02,pointnet_gru,5,0.4950913242009133,0.001228782875564965,0.4408181724135865,0.0015285546773862507,p1,0.6,0.0,0.5218681318681319,0.0
structured_realistic_clutter,loso_test_p1_val_p2,0.05,pointnet_gru,5,0.42918569254185696,0.008657320972182882,0.35705691164097864,0.006891701807279106,p1,0.48,0.01632993161855452,0.38509923409923413,0.011680998648606479
structured_realistic_clutter,loso_test_p1_val_p2,0.1,pointnet_gru,5,0.279923896499239,0.039910119765779864,0.19880659116792868,0.03285267339308078,p1,0.32666666666666666,0.04898979485566356,0.23430147630147635,0.04391381845772093
structured_realistic_clutter,loso_test_p1_val_p2,0.15,pointnet_gru,5,0.2442922374429224,0.04338743943023744,0.16288901856836585,0.03731840883943465,p1,0.28,0.03399346342395189,0.18390730906520383,0.036211431359139436
structured_realistic_clutter,loso_test_p1_val_p2,0.2,pointnet_gru,5,0.21599695585996956,0.044871637287742634,0.13048475724201208,0.03967678775289642,p1,0.24666666666666667,0.0541602560309064,0.14046020646020646,0.04912997716759008
structured_realistic_clutter,loso_test_p1_val_p2,0.3,pointnet_gru,5,0.16751902587519024,0.027920886129494258,0.08485801410320869,0.01744946060704386,p1,0.18,0.04521553322083512,0.08884404484404483,0.026381093417587483
point_missing,loso_test_p1_val_p2,0.0,pointnet_tcn,1,0.5642313546423136,0.0,0.5064937832317961,0.0,p1,0.5666666666666667,0.0,0.49023809523809525,0.0
point_missing,loso_test_p1_val_p2,0.1,pointnet_tcn,5,0.5534398782343988,0.0006014584416584062,0.4965312027601751,0.0006716156449041159,p1,0.5666666666666667,0.0,0.48520146520146523,0.0
point_missing,loso_test_p1_val_p2,0.2,pointnet_tcn,5,0.5402587519025875,0.0006145092614364409,0.483796220016856,0.0005612632009489212,p1,0.5666666666666667,0.0,0.48944388944388945,0.0037162932646680933
point_missing,loso_test_p1_val_p2,0.3,pointnet_tcn,5,0.5244748858447489,0.0006740209992537392,0.4688006501743292,0.0006901073310287476,p1,0.5333333333333333,0.0,0.47186813186813187,0.0
point_missing,loso_test_p1_val_p2,0.4,pointnet_tcn,5,0.5030060882800609,0.0006284877571404362,0.4471251230650318,0.0008544151688211394,p1,0.5333333333333333,0.0,0.47186813186813187,0.0
point_missing,loso_test_p1_val_p2,0.5,pointnet_tcn,5,0.47373668188736684,0.0007340733973691101,0.4153841373439929,0.0007381978547620796,p1,0.4666666666666667,0.0,0.38472527472527474,0.0
point_missing,loso_test_p1_val_p2,0.6,pointnet_tcn,5,0.4368797564687975,0.0009417789001102691,0.37128535592897693,0.0015318824294085474,p1,0.4666666666666667,0.0,0.38571428571428573,0.0
point_missing,loso_test_p1_val_p2,0.7,pointnet_tcn,5,0.39539573820395735,0.000674278734652566,0.3184663806276312,0.000830514697552757,p1,0.4,0.0,0.3072932330827068,0.0
coordinate_noise,loso_test_p1_val_p2,0.0,pointnet_tcn,1,0.5642313546423136,0.0,0.5064937832317961,0.0,p1,0.5666666666666667,0.0,0.49023809523809525,0.0
coordinate_noise,loso_test_p1_val_p2,0.01,pointnet_tcn,5,0.5659741248097412,0.00025171743391996695,0.5085997127986415,0.0002832637281352685,p1,0.5666666666666667,0.0,0.49023809523809525,0.0
coordinate_noise,loso_test_p1_val_p2,0.02,pointnet_tcn,5,0.570958904109589,0.0006008803940076555,0.5142500342587406,0.0007466425651472301,p1,0.6066666666666667,0.013333333333333332,0.5202087912087913,0.011817565136894116
coordinate_noise,loso_test_p1_val_p2,0.05,pointnet_tcn,5,0.5979528158295281,0.0008581154835817322,0.5438723790101718,0.0008480373353439269,p1,0.6333333333333333,0.0,0.5430952380952381,0.0
coordinate_noise,loso_test_p1_val_p2,0.08,pointnet_tcn,5,0.6306392694063927,0.0004922667162495226,0.5768992768803042,0.0008855163353188688,p1,0.7333333333333333,0.0,0.6814285714285714,0.0
coordinate_noise,loso_test_p1_val_p2,0.1,pointnet_tcn,5,0.6490334855403347,0.00041446723909256006,0.5928337296517869,0.0005608853348291701,p1,0.7333333333333333,0.0,0.6835164835164835,0.004175824175824206
strong_synthetic_clutter,loso_test_p1_val_p2,0.0,pointnet_tcn,1,0.5642313546423136,0.0,0.5064937832317961,0.0,p1,0.5666666666666667,0.0,0.49023809523809525,0.0
strong_synthetic_clutter,loso_test_p1_val_p2,0.1,pointnet_tcn,5,0.19878234398782343,0.001048185868292306,0.08889681547099851,0.0010769942973296825,p1,0.2,0.0,0.07224080267558528,0.0
strong_synthetic_clutter,loso_test_p1_val_p2,0.2,pointnet_tcn,5,0.14908675799086757,0.00034457325487585207,0.05386279795522856,0.00023196009923110106,p1,0.14666666666666667,0.02666666666666666,0.05102075702075702,0.01646207007119867
strong_synthetic_clutter,loso_test_p1_val_p2,0.4,pointnet_tcn,5,0.11017503805175037,0.0005480508945932655,0.029269182179465225,0.00044016357405464755,p1,0.1,0.0,0.02,0.0
strong_synthetic_clutter,loso_test_p1_val_p2,0.6,pointnet_tcn,5,0.10275494672754945,0.00030307926562769745,0.022808457778803425,0.0002923926838750861,p1,0.1,0.0,0.02,0.0
strong_synthetic_clutter,loso_test_p1_val_p2,0.8,pointnet_tcn,5,0.10086757990867581,0.00017912636675707633,0.0204705788296591,0.00020665125707008435,p1,0.1,0.0,0.01935483870967742,0.0
structured_realistic_clutter,loso_test_p1_val_p2,0.0,pointnet_tcn,1,0.5642313546423136,0.0,0.5064937832317961,0.0,p1,0.5666666666666667,0.0,0.49023809523809525,0.0
structured_realistic_clutter,loso_test_p1_val_p2,0.02,pointnet_tcn,5,0.5073287671232876,0.0034837286671810194,0.45164591596036613,0.004625724210212203,p1,0.5333333333333333,0.0,0.45948717948717943,0.0
structured_realistic_clutter,loso_test_p1_val_p2,0.05,pointnet_tcn,5,0.46043378995433787,0.01877646879142022,0.37947051595536435,0.025714214023216286,p1,0.5199999999999999,0.016329931618554516,0.4331208791208792,0.02272756251134145
structured_realistic_clutter,loso_test_p1_val_p2,0.1,pointnet_tcn,5,0.279337899543379,0.05755754100678231,0.18634031940306,0.04495393047261672,p1,0.2733333333333333,0.07999999999999999,0.17056124267888978,0.06098061205335917
structured_realistic_clutter,loso_test_p1_val_p2,0.15,pointnet_tcn,5,0.24051750380517506,0.05325661538950322,0.15938578354717642,0.041109684144944036,p1,0.2533333333333333,0.0541602560309064,0.16082810326927974,0.04307662511157514
structured_realistic_clutter,loso_test_p1_val_p2,0.2,pointnet_tcn,5,0.20400304414003045,0.055190620798533103,0.12525947614450897,0.046013359278165994,p1,0.18,0.0541602560309064,0.10138986503692385,0.04486805543832494
structured_realistic_clutter,loso_test_p1_val_p2,0.3,pointnet_tcn,5,0.16576103500761036,0.049284214609205894,0.0849085907083364,0.03401945819358122,p1,0.13999999999999999,0.0679869268479038,0.06082317682317682,0.04276077725926809
point_missing,loso_test_p1_val_p2,0.0,robhar_like,1,0.4888888888888889,0.0,0.4170579514378897,0.0,p1,0.5333333333333333,0.0,0.45901098901098897,0.0
point_missing,loso_test_p1_val_p2,0.1,robhar_like,5,0.48129375951293757,0.00032697946817261263,0.409985827822148,0.0003482848314261683,p1,0.5333333333333333,0.0,0.45901098901098897,0.0
point_missing,loso_test_p1_val_p2,0.2,robhar_like,5,0.47296042617960427,0.0004525439496900676,0.40165927838869236,0.00047235415805494757,p1,0.5333333333333333,0.0,0.45901098901098897,0.0
point_missing,loso_test_p1_val_p2,0.3,robhar_like,5,0.463158295281583,0.0004420558822361685,0.3914775230225479,0.0005525993233525898,p1,0.4666666666666667,0.0,0.36857142857142855,0.0
point_missing,loso_test_p1_val_p2,0.4,robhar_like,5,0.45117960426179604,0.0007065750008179762,0.37885481692376044,0.0006356211126293319,p1,0.4333333333333334,5.551115123125783e-17,0.3440692640692641,0.0
point_missing,loso_test_p1_val_p2,0.5,robhar_like,5,0.4359132420091324,0.0007531555566963847,0.36198115936832015,0.000957458527340869,p1,0.4333333333333334,5.551115123125783e-17,0.3440692640692641,0.0
point_missing,loso_test_p1_val_p2,0.6,robhar_like,5,0.41633181126331814,0.0012246280610472252,0.33884709808019636,0.0017284935593519523,p1,0.4066666666666666,0.01333333333333333,0.30095238095238097,0.022857142857142843
point_missing,loso_test_p1_val_p2,0.7,robhar_like,5,0.38796042617960425,0.0010380807630398952,0.3045201273583071,0.0014524270226215234,p1,0.4,0.0,0.2895238095238095,0.0
coordinate_noise,loso_test_p1_val_p2,0.0,robhar_like,1,0.4888888888888889,0.0,0.4170579514378897,0.0,p1,0.5333333333333333,0.0,0.45901098901098897,0.0
coordinate_noise,loso_test_p1_val_p2,0.01,robhar_like,5,0.4902283105022831,0.00036608869013105976,0.41838332935624384,0.0003929739570031601,p1,0.5333333333333333,0.0,0.45901098901098897,0.0
coordinate_noise,loso_test_p1_val_p2,0.02,robhar_like,5,0.4944748858447488,0.00046254403041164673,0.4223984212070131,0.0005192521347497331,p1,0.5666666666666667,0.0,0.4835347985347986,0.0
coordinate_noise,loso_test_p1_val_p2,0.05,robhar_like,5,0.5197716894977169,0.0007194095767486291,0.4450612518982361,0.0007516434248750573,p1,0.6,0.0,0.5118681318681318,0.0
coordinate_noise,loso_test_p1_val_p2,0.08,robhar_like,5,0.5509893455098935,0.0008086332699628099,0.4708065349412747,0.000809777030993607,p1,0.6333333333333333,0.0,0.5379220779220779,0.003896103896103887
coordinate_noise,loso_test_p1_val_p2,0.1,robhar_like,5,0.5720700152207001,0.0005899862235407689,0.48834830978611415,0.0009151769183903185,p1,0.6333333333333333,0.0,0.5330952380952381,0.0
strong_synthetic_clutter,loso_test_p1_val_p2,0.0,robhar_like,1,0.4888888888888889,0.0,0.4170579514378897,0.0,p1,0.5333333333333333,0.0,0.45901098901098897,0.0
strong_synthetic_clutter,loso_test_p1_val_p2,0.1,robhar_like,5,0.15243531202435312,0.00025125683438690684,0.05945518695830222,0.00030313249729672416,p1,0.18,0.01632993161855453,0.06926433566433567,0.00757800183361733
strong_synthetic_clutter,loso_test_p1_val_p2,0.2,robhar_like,5,0.12198630136986302,0.0003890965915118491,0.03846255641830818,0.0002740900408921168,p1,0.1,0.0,0.02142857142857143,0.0
strong_synthetic_clutter,loso_test_p1_val_p2,0.4,robhar_like,5,0.10915525114155251,0.0002620879049881662,0.028639836496563088,0.0002102747089258029,p1,0.1,0.0,0.02142857142857143,0.0
strong_synthetic_clutter,loso_test_p1_val_p2,0.6,robhar_like,5,0.10604261796042617,0.00014519622548203048,0.026105336761964713,0.00011664479770692282,p1,0.1,0.0,0.02142857142857143,0.0
strong_synthetic_clutter,loso_test_p1_val_p2,0.8,robhar_like,5,0.10452815829528159,0.0001443962401903378,0.02484752611844033,0.00012185492525166876,p1,0.1,0.0,0.02142857142857143,0.0
structured_realistic_clutter,loso_test_p1_val_p2,0.0,robhar_like,1,0.4888888888888889,0.0,0.4170579514378897,0.0,p1,0.5333333333333333,0.0,0.45901098901098897,0.0
structured_realistic_clutter,loso_test_p1_val_p2,0.02,robhar_like,5,0.4819406392694064,0.0007582139494335981,0.4140726575143434,0.0005342392106217367,p1,0.5466666666666666,0.01632993161855452,0.47182051282051285,0.012869541347003657
structured_realistic_clutter,loso_test_p1_val_p2,0.05,robhar_like,5,0.411392694063927,0.0211608189029562,0.3546173465403522,0.021583467561538065,p1,0.4533333333333333,0.058118652580542315,0.3714616494616495,0.05160913184566721
structured_realistic_clutter,loso_test_p1_val_p2,0.1,robhar_like,5,0.15845509893455098,0.043782856588795306,0.10830478184389472,0.03345215969063179,p1,0.17333333333333334,0.03887301263230201,0.10972183372183372,0.03176627753681996
structured_realistic_clutter,loso_test_p1_val_p2,0.15,robhar_like,5,0.14856164383561643,0.024501396491234704,0.09118499102370267,0.022787958848101735,p1,0.16,0.02494438257849295,0.10156166056166056,0.02843091770666379
structured_realistic_clutter,loso_test_p1_val_p2,0.2,robhar_like,5,0.13598173515981732,0.029616336118064707,0.07896286181593824,0.02211693532641296,p1,0.13333333333333333,0.029814239699997188,0.07869892199303964,0.023926951637547853
structured_realistic_clutter,loso_test_p1_val_p2,0.3,robhar_like,5,0.10747336377473364,0.014205663818173533,0.05497056158762605,0.007321085401361945,p1,0.1,0.03651483716701107,0.045931185593993513,0.020528424121840833
point_missing,loso_test_p1_val_p2,0.0,pct_gru,1,0.5001902587519026,0.0,0.44217359207395646,0.0,p1,0.5666666666666667,0.0,0.49071428571428577,0.0
point_missing,loso_test_p1_val_p2,0.1,pct_gru,5,0.497716894977169,0.0003782275080605414,0.44054327388734527,0.00032965211309296397,p1,0.5666666666666667,0.0,0.49071428571428577,0.0
point_missing,loso_test_p1_val_p2,0.2,pct_gru,5,0.49429984779299846,0.00039646929307856797,0.4366012818035029,0.0006777294523647967,p1,0.5666666666666667,0.0,0.49071428571428577,0.0
point_missing,loso_test_p1_val_p2,0.3,pct_gru,5,0.4878538812785388,0.0008843737623338716,0.42781380833602844,0.0011148984970762138,p1,0.5666666666666667,0.0,0.49071428571428577,0.0
point_missing,loso_test_p1_val_p2,0.4,pct_gru,5,0.48327245053272455,0.0005352192076869778,0.42362074503688146,0.0005627299898829239,p1,0.5333333333333333,0.0,0.4637142857142858,0.0006666666666666598
point_missing,loso_test_p1_val_p2,0.5,pct_gru,5,0.47793759512937595,0.0003355465401072722,0.41896016383988116,0.0006634382920917275,p1,0.5333333333333333,0.0,0.4633809523809524,0.0008164965809277176
point_missing,loso_test_p1_val_p2,0.6,pct_gru,5,0.4666666666666667,0.0005659358430008471,0.40724085382135566,0.0008836047539558627,p1,0.5,0.0,0.4357142857142858,8.599750569898517e-17
point_missing,loso_test_p1_val_p2,0.7,pct_gru,5,0.4537747336377474,0.0007539241614036857,0.39334828122063065,0.0008465834464288069,p1,0.5,0.0,0.4382142857142857,0.0020412414523192806
coordinate_noise,loso_test_p1_val_p2,0.0,pct_gru,1,0.5001902587519026,0.0,0.44217359207395646,0.0,p1,0.5666666666666667,0.0,0.49071428571428577,0.0
coordinate_noise,loso_test_p1_val_p2,0.01,pct_gru,5,0.500738203957382,0.0006650244223729984,0.4424671499775722,0.0007444362168817607,p1,0.5666666666666667,0.0,0.49071428571428577,0.0
coordinate_noise,loso_test_p1_val_p2,0.02,pct_gru,5,0.5028234398782344,0.0006710067715420981,0.4442143451969899,0.0007495726354694581,p1,0.5666666666666667,0.0,0.49071428571428577,0.0
coordinate_noise,loso_test_p1_val_p2,0.05,pct_gru,5,0.5154185692541857,0.00028106826959847884,0.4557150023972949,0.0006277391347091967,p1,0.5666666666666667,0.0,0.49457142857142855,0.003265986323710871
coordinate_noise,loso_test_p1_val_p2,0.08,pct_gru,5,0.5257077625570776,0.0008948554986203082,0.46607603582721213,0.001127252605220866,p1,0.5333333333333333,0.0,0.46311688311688315,0.0
coordinate_noise,loso_test_p1_val_p2,0.1,pct_gru,5,0.5202663622526635,0.000903230255673496,0.4568438178234877,0.0010687557986805256,p1,0.5066666666666666,0.01333333333333333,0.41948051948051945,0.021818181818181844
strong_synthetic_clutter,loso_test_p1_val_p2,0.0,pct_gru,1,0.5001902587519026,0.0,0.44217359207395646,0.0,p1,0.5666666666666667,0.0,0.49071428571428577,0.0
strong_synthetic_clutter,loso_test_p1_val_p2,0.1,pct_gru,5,0.1624048706240487,0.0006581962955993818,0.0704744113087116,0.0008367931420443829,p1,0.2,0.0,0.08823931623931622,0.0026023360319979527
strong_synthetic_clutter,loso_test_p1_val_p2,0.2,pct_gru,5,0.11752663622526635,0.0003686112949257938,0.036570828034687274,0.00032786346711535965,p1,0.1,0.0,0.02,0.0
strong_synthetic_clutter,loso_test_p1_val_p2,0.4,pct_gru,5,0.10099695585996955,5.048135145137779e-05,0.020543109746523475,8.864457943244251e-05,p1,0.1,0.0,0.01875,0.0
strong_synthetic_clutter,loso_test_p1_val_p2,0.6,pct_gru,5,0.10010654490106545,5.592442335121275e-05,0.01879497292263884,0.000101500155162827,p1,0.1,0.0,0.01818181818181818,0.0
strong_synthetic_clutter,loso_test_p1_val_p2,0.8,pct_gru,5,0.1000076103500761,1.5220700152207556e-05,0.0184117919406487,3.0518261841305096e-05,p1,0.1,0.0,0.01818181818181818,0.0
structured_realistic_clutter,loso_test_p1_val_p2,0.0,pct_gru,1,0.5001902587519026,0.0,0.44217359207395646,0.0,p1,0.5666666666666667,0.0,0.49071428571428577,0.0
structured_realistic_clutter,loso_test_p1_val_p2,0.02,pct_gru,5,0.4949695585996956,0.0009932600230231731,0.43728473866162815,0.001106027095072703,p1,0.5599999999999999,0.013333333333333332,0.48538095238095236,0.01066666666666667
structured_realistic_clutter,loso_test_p1_val_p2,0.05,pct_gru,5,0.46766362252663624,0.007977571020527376,0.41382740488186337,0.010146785684196387,p1,0.5133333333333333,0.01632993161855452,0.4363108558108558,0.019256504739775467
structured_realistic_clutter,loso_test_p1_val_p2,0.1,pct_gru,5,0.3302283105022831,0.033839253668391564,0.26964049173673016,0.03018693100098804,p1,0.3533333333333333,0.02666666666666668,0.27419591519591513,0.03362252531511352
structured_realistic_clutter,loso_test_p1_val_p2,0.15,pct_gru,5,0.2894672754946727,0.04868649357121607,0.2385558407820033,0.04855495603763796,p1,0.31333333333333335,0.058118652580542315,0.2388960301824079,0.06680751595224904
structured_realistic_clutter,loso_test_p1_val_p2,0.2,pct_gru,5,0.2262709284627093,0.03521506100361781,0.17123391629232784,0.0363337434749448,p1,0.22666666666666666,0.024944382578492935,0.1561726582596148,0.02752612301924091
structured_realistic_clutter,loso_test_p1_val_p2,0.3,pct_gru,5,0.18744292237442922,0.04256528055286622,0.11725788706345033,0.03808410744823728,p1,0.1933333333333333,0.06463573143221772,0.11384915084915086,0.06061423784893481
point_missing,loso_test_p1_val_p2,0.0,dgcnn_gru,1,0.5146879756468797,0.0,0.436599621596765,0.0,p1,0.5,0.0,0.41883116883116883,0.0
point_missing,loso_test_p1_val_p2,0.1,dgcnn_gru,5,0.506103500761035,0.0007703388671004584,0.4259316258462144,0.0009629033812237012,p1,0.4666666666666667,0.0,0.35523809523809524,0.0
point_missing,loso_test_p1_val_p2,0.2,dgcnn_gru,5,0.49671232876712323,0.00027920755445730305,0.41336972475584083,0.00039778242679746413,p1,0.4666666666666667,0.0,0.35523809523809524,0.0
point_missing,loso_test_p1_val_p2,0.3,dgcnn_gru,5,0.4846575342465753,0.0008062662184565593,0.39711711864954385,0.0008170211316165819,p1,0.4666666666666667,0.0,0.3478787878787879,0.0
point_missing,loso_test_p1_val_p2,0.4,dgcnn_gru,5,0.4724048706240486,0.0004108179475271315,0.3818846949206692,0.0007249575397630028,p1,0.4666666666666667,0.0,0.3491841491841492,0.0
point_missing,loso_test_p1_val_p2,0.5,dgcnn_gru,5,0.45350837138508365,0.0008334636373594885,0.35944910303599586,0.0011141918165874238,p1,0.4666666666666667,0.0,0.34952380952380946,0.0
point_missing,loso_test_p1_val_p2,0.6,dgcnn_gru,5,0.4303881278538813,0.0005808846160505855,0.33571323082614724,0.0006671330843746735,p1,0.4666666666666667,0.0,0.3651540616246498,0.003025210084033625
point_missing,loso_test_p1_val_p2,0.7,dgcnn_gru,5,0.37996955859969556,0.0010403100811084787,0.296817769453029,0.0011787647151561174,p1,0.4,0.0,0.3252380952380952,0.0
coordinate_noise,loso_test_p1_val_p2,0.0,dgcnn_gru,1,0.5146879756468797,0.0,0.436599621596765,0.0,p1,0.5,0.0,0.41883116883116883,0.0
coordinate_noise,loso_test_p1_val_p2,0.01,dgcnn_gru,5,0.5128843226788432,0.0003870070665172476,0.4354654473943251,0.00043845632171559263,p1,0.5066666666666666,0.01333333333333333,0.4222077922077922,0.006753246753246733
coordinate_noise,loso_test_p1_val_p2,0.02,dgcnn_gru,5,0.508675799086758,0.00034204269488957457,0.4326923067934466,0.00044377683055196564,p1,0.5199999999999999,0.01632993161855452,0.4346233766233766,0.005900507537966507
coordinate_noise,loso_test_p1_val_p2,0.05,dgcnn_gru,5,0.49610350076103504,0.0002943543318997416,0.4261915492250975,0.0005716289931003508,p1,0.5266666666666666,0.01333333333333333,0.4525454545454545,0.02114285714285713
coordinate_noise,loso_test_p1_val_p2,0.08,dgcnn_gru,5,0.4858143074581431,0.0006662425762021086,0.4218726166373486,0.0006635449110517209,p1,0.52,0.016329931618554516,0.44197402597402585,0.025894605852279297
coordinate_noise,loso_test_p1_val_p2,0.1,dgcnn_gru,5,0.47276255707762554,0.0012269904770341078,0.4125908288350889,0.0014126941052617368,p1,0.5266666666666666,0.01333333333333333,0.4525454545454545,0.02114285714285713
strong_synthetic_clutter,loso_test_p1_val_p2,0.0,dgcnn_gru,1,0.5146879756468797,0.0,0.436599621596765,0.0,p1,0.5,0.0,0.41883116883116883,0.0
strong_synthetic_clutter,loso_test_p1_val_p2,0.1,dgcnn_gru,5,0.12332572298325724,0.0006484447002782566,0.04498565933865421,0.001076368129036777,p1,0.1,0.0,0.02142857142857143,0.0
strong_synthetic_clutter,loso_test_p1_val_p2,0.2,dgcnn_gru,5,0.10036529680365298,0.00011440864823723684,0.021130734054320952,0.0001007777205970373,p1,0.1,0.0,0.020689655172413793,0.0
strong_synthetic_clutter,loso_test_p1_val_p2,0.4,dgcnn_gru,5,0.1,0.0,0.020307237667319372,6.149319967653012e-06,p1,0.1,0.0,0.02,0.0
strong_synthetic_clutter,loso_test_p1_val_p2,0.6,dgcnn_gru,5,0.1,0.0,0.020087136952016995,4.423242664348562e-06,p1,0.1,0.0,0.02,0.0
strong_synthetic_clutter,loso_test_p1_val_p2,0.8,dgcnn_gru,5,0.1,0.0,0.01992297849369936,6.110313869368532e-06,p1,0.1,0.0,0.02,0.0
structured_realistic_clutter,loso_test_p1_val_p2,0.0,dgcnn_gru,1,0.5146879756468797,0.0,0.436599621596765,0.0,p1,0.5,0.0,0.41883116883116883,0.0
structured_realistic_clutter,loso_test_p1_val_p2,0.02,dgcnn_gru,5,0.4692313546423136,0.0023321222138089842,0.4034816119303336,0.0034115650341757513,p1,0.5,0.0,0.37916666666666665,0.0
structured_realistic_clutter,loso_test_p1_val_p2,0.05,dgcnn_gru,5,0.40617199391171993,0.013895015433227072,0.32354737996340993,0.007644082299881114,p1,0.4600000000000001,0.01333333333333333,0.34182928182928174,0.0067868390769137464
structured_realistic_clutter,loso_test_p1_val_p2,0.1,dgcnn_gru,5,0.22416286149162862,0.030528632624678868,0.1602142012948314,0.03467731882968869,p1,0.24,0.04898979485566354,0.16209197235513023,0.055957843884656605
structured_realistic_clutter,loso_test_p1_val_p2,0.15,dgcnn_gru,5,0.1647184170471842,0.019205474988859595,0.09871034403048755,0.017564027133488407,p1,0.13999999999999999,0.024944382578492935,0.0676015318015318,0.021239583143281122
structured_realistic_clutter,loso_test_p1_val_p2,0.2,dgcnn_gru,5,0.1348021308980213,0.016267870508976167,0.0664937255733415,0.017712126667609025,p1,0.10666666666666666,0.01333333333333333,0.034018559218559216,0.01461152432181436
structured_realistic_clutter,loso_test_p1_val_p2,0.3,dgcnn_gru,5,0.10605783866057839,0.012940983529781246,0.03533264705507122,0.010128656255812636,p1,0.09333333333333334,0.013333333333333336,0.02114871794871795,0.0025955541145421227
point_missing,loso_test_p1_val_p2,0.0,radar_stnet,1,0.63603500761035,0.0,0.5761655136370841,0.0,p1,0.6666666666666666,0.0,0.5654761904761905,0.0
point_missing,loso_test_p1_val_p2,0.1,radar_stnet,5,0.6305555555555555,0.0005649115238933429,0.5716590535714894,0.0010121509126104996,p1,0.6666666666666666,0.0,0.5695238095238095,0.0
point_missing,loso_test_p1_val_p2,0.2,radar_stnet,5,0.6232876712328766,0.0003192720998995667,0.5645172277602244,0.0008514390735840116,p1,0.6666666666666666,0.0,0.5783549783549783,0.0
point_missing,loso_test_p1_val_p2,0.3,radar_stnet,5,0.6140182648401826,0.0009387606663689006,0.5560025584676855,0.0009571117078017282,p1,0.6666666666666666,0.0,0.5783549783549783,0.0
point_missing,loso_test_p1_val_p2,0.4,radar_stnet,5,0.6010426179604261,0.0007969457437791931,0.5440041250740906,0.0009119774281461464,p1,0.6666666666666666,0.0,0.5833333333333333,0.0
point_missing,loso_test_p1_val_p2,0.5,radar_stnet,5,0.5821993911719939,0.0016536364349069937,0.5267025475592965,0.0020016829676918913,p1,0.6399999999999999,0.01333333333333333,0.5642564102564103,0.009538461538461496
point_missing,loso_test_p1_val_p2,0.6,radar_stnet,5,0.552503805175038,0.0008641685716648447,0.4972239067667495,0.0013590532447962421,p1,0.5666666666666667,0.0,0.5033333333333333,0.0
point_missing,loso_test_p1_val_p2,0.7,radar_stnet,5,0.5087366818873669,0.000716182061249211,0.450221661804842,0.0005975067076655945,p1,0.5199999999999999,0.016329931618554516,0.4552240896358543,0.025455481640687918
coordinate_noise,loso_test_p1_val_p2,0.0,radar_stnet,1,0.63603500761035,0.0,0.5761655136370841,0.0,p1,0.6666666666666666,0.0,0.5654761904761905,0.0
coordinate_noise,loso_test_p1_val_p2,0.01,radar_stnet,5,0.6368112633181127,0.00013528454212048574,0.5773461503521938,0.00019796479546010825,p1,0.6666666666666666,0.0,0.5654761904761905,0.0
coordinate_noise,loso_test_p1_val_p2,0.02,radar_stnet,5,0.6389269406392695,0.0004298332190697668,0.5797019349304822,0.00046442236293853207,p1,0.6666666666666666,0.0,0.5654761904761905,0.0
coordinate_noise,loso_test_p1_val_p2,0.05,radar_stnet,5,0.6524581430745815,0.0006650244223730371,0.5931962327613902,0.0007800804380605447,p1,0.7,0.0,0.625,0.0
coordinate_noise,loso_test_p1_val_p2,0.08,radar_stnet,5,0.6692161339421613,0.0005234017919040635,0.6070300273633307,0.0006807677192306835,p1,0.7333333333333333,0.0,0.6583333333333333,0.0
coordinate_noise,loso_test_p1_val_p2,0.1,radar_stnet,5,0.6781659056316591,0.0005378100378707358,0.6132417432545273,0.0004038217155195607,p1,0.7666666666666667,0.0,0.699047619047619,0.0
strong_synthetic_clutter,loso_test_p1_val_p2,0.0,radar_stnet,1,0.63603500761035,0.0,0.5761655136370841,0.0,p1,0.6666666666666666,0.0,0.5654761904761905,0.0
strong_synthetic_clutter,loso_test_p1_val_p2,0.1,radar_stnet,5,0.15015220700152204,0.0003545149071187833,0.06296044669201635,0.000508425611524853,p1,0.14666666666666667,0.016329931618554516,0.058128078817733984,0.010859806741403253
strong_synthetic_clutter,loso_test_p1_val_p2,0.2,radar_stnet,5,0.10518264840182648,0.00016914848379674744,0.027224388746220712,0.00027931786397453743,p1,0.1,0.0,0.01818181818181818,0.0
strong_synthetic_clutter,loso_test_p1_val_p2,0.4,radar_stnet,5,0.1,0.0,0.018194154112471772,1.0233392642499223e-06,p1,0.1,0.0,0.01818181818181818,0.0
strong_synthetic_clutter,loso_test_p1_val_p2,0.6,radar_stnet,5,0.1,0.0,0.018182195593716095,7.548237958204806e-07,p1,0.1,0.0,0.01818181818181818,0.0
strong_synthetic_clutter,loso_test_p1_val_p2,0.8,radar_stnet,5,0.1,0.0,0.01818181818181818,0.0,p1,0.1,0.0,0.01818181818181818,0.0
structured_realistic_clutter,loso_test_p1_val_p2,0.0,radar_stnet,1,0.63603500761035,0.0,0.5761655136370841,0.0,p1,0.6666666666666666,0.0,0.5654761904761905,0.0
structured_realistic_clutter,loso_test_p1_val_p2,0.02,radar_stnet,5,0.634627092846271,0.0016432012982142783,0.5950728413030294,0.0018068356284825413,p1,0.7333333333333333,0.0,0.6599999999999999,0.0
structured_realistic_clutter,loso_test_p1_val_p2,0.05,radar_stnet,5,0.515433789954338,0.02638325843984562,0.4701644305778534,0.030396442367597983,p1,0.5533333333333333,0.01632993161855452,0.4752121212121213,0.020539241037727703
structured_realistic_clutter,loso_test_p1_val_p2,0.1,radar_stnet,5,0.3236910197869102,0.040223551952396804,0.2419171315680663,0.0299326422914678,p1,0.33333333333333337,0.0421637021355784,0.22866955266955266,0.02708204010551501
structured_realistic_clutter,loso_test_p1_val_p2,0.15,radar_stnet,5,0.2736834094368341,0.049375448079083256,0.1977623273975887,0.04868082231285457,p1,0.2733333333333333,0.04898979485566355,0.18932431758128354,0.0491054920204807
structured_realistic_clutter,loso_test_p1_val_p2,0.2,radar_stnet,5,0.2299847792998478,0.05487167428807635,0.1536281517775603,0.04636416419001087,p1,0.21333333333333337,0.06531972647421808,0.12420634920634921,0.05483772069465629
structured_realistic_clutter,loso_test_p1_val_p2,0.3,radar_stnet,5,0.18274733637747334,0.05273232710601978,0.1079234706700164,0.044277869372106045,p1,0.1733333333333333,0.06798692684790379,0.09549000757696409,0.06715268555645632
point_missing,loso_test_p2_val_p3,0.0,pointnet_gru,1,0.7529680365296804,0.0,0.7331532935291828,0.0,p2,0.8333333333333334,0.0,0.7916666666666666,0.0
point_missing,loso_test_p2_val_p3,0.1,pointnet_gru,5,0.7470243531202436,0.0004354556925698779,0.7268884368741115,0.0006284692941211323,p2,0.8400000000000001,0.01333333333333333,0.8171428571428571,0.007619047619047593
point_missing,loso_test_p2_val_p3,0.2,pointnet_gru,5,0.7390715372907153,0.0008037480917828347,0.7187036543802041,0.0009624986035877239,p2,0.7666666666666667,0.0,0.7423809523809524,0.0
point_missing,loso_test_p2_val_p3,0.3,pointnet_gru,5,0.731324200913242,0.0007128586926847082,0.7109459849536396,0.0008651541613436764,p2,0.7333333333333333,0.0,0.7023809523809523,0.0
point_missing,loso_test_p2_val_p3,0.4,pointnet_gru,5,0.721978691019787,0.001341581902552209,0.7015843952625358,0.0017919517869249336,p2,0.7133333333333333,0.01632993161855452,0.6659523809523809,0.029743804019510024
point_missing,loso_test_p2_val_p3,0.5,pointnet_gru,5,0.7120319634703196,0.0005410311289855466,0.6915530823368774,0.0007901585301301175,p2,0.7,0.0,0.6416666666666666,0.0
point_missing,loso_test_p2_val_p3,0.6,pointnet_gru,5,0.6990639269406393,0.0003001991312529184,0.6780442330691725,0.0006263852916417537,p2,0.7,0.0,0.6416666666666666,0.0
point_missing,loso_test_p2_val_p3,0.7,pointnet_gru,5,0.6723668188736681,0.0013413228515597117,0.6454398292182904,0.0011709341387725893,p2,0.6733333333333332,0.01333333333333333,0.62,0.01333333333333333
coordinate_noise,loso_test_p2_val_p3,0.0,pointnet_gru,1,0.7529680365296804,0.0,0.7331532935291828,0.0,p2,0.8333333333333334,0.0,0.7916666666666666,0.0
coordinate_noise,loso_test_p2_val_p3,0.01,pointnet_gru,5,0.75396499238965,0.0003676673463981837,0.7345219655561691,0.0004462846053228247,p2,0.8666666666666668,1.1102230246251565e-16,0.8323809523809522,0.0
coordinate_noise,loso_test_p2_val_p3,0.02,pointnet_gru,5,0.7552663622526635,0.0004016938575463357,0.7363490351235585,0.0005456026724761274,p2,0.8666666666666668,1.1102230246251565e-16,0.8323809523809522,0.0
coordinate_noise,loso_test_p2_val_p3,0.05,pointnet_gru,5,0.7561187214611873,0.0010005222788155492,0.7381001845786265,0.0011506670388324763,p2,0.8600000000000001,0.01333333333333333,0.8285714285714285,0.007619047619047592
coordinate_noise,loso_test_p2_val_p3,0.08,pointnet_gru,5,0.7478691019786909,0.000875024800718706,0.7275599691029875,0.0010577790171588063,p2,0.8,0.0,0.7738095238095238,0.0
coordinate_noise,loso_test_p2_val_p3,0.1,pointnet_gru,5,0.7343911719939118,0.0005208504910888675,0.7091519913473994,0.0005742755062028377,p2,0.8,0.0,0.7738095238095238,0.0
strong_synthetic_clutter,loso_test_p2_val_p3,0.0,pointnet_gru,1,0.7529680365296804,0.0,0.7331532935291828,0.0,p2,0.8333333333333334,0.0,0.7916666666666666,0.0
strong_synthetic_clutter,loso_test_p2_val_p3,0.1,pointnet_gru,5,0.10842465753424657,0.000527040782136402,0.03381969628405952,0.0009802212439847236,p2,0.1,0.0,0.01818181818181818,0.0
strong_synthetic_clutter,loso_test_p2_val_p3,0.2,pointnet_gru,5,0.10005327245053272,1.8641474450398585e-05,0.018289774361293986,3.753149262415308e-05,p2,0.1,0.0,0.01818181818181818,0.0
strong_synthetic_clutter,loso_test_p2_val_p3,0.4,pointnet_gru,5,0.1,0.0,0.01818181818181818,0.0,p2,0.1,0.0,0.01818181818181818,0.0
strong_synthetic_clutter,loso_test_p2_val_p3,0.6,pointnet_gru,5,0.1,0.0,0.01818181818181818,0.0,p2,0.1,0.0,0.01818181818181818,0.0
strong_synthetic_clutter,loso_test_p2_val_p3,0.8,pointnet_gru,5,0.1,0.0,0.01818181818181818,0.0,p2,0.1,0.0,0.01818181818181818,0.0
structured_realistic_clutter,loso_test_p2_val_p3,0.0,pointnet_gru,1,0.7529680365296804,0.0,0.7331532935291828,0.0,p2,0.8333333333333334,0.0,0.7916666666666666,0.0
structured_realistic_clutter,loso_test_p2_val_p3,0.02,pointnet_gru,5,0.7364079147640792,0.003161585273628092,0.7097454245206567,0.00372591972439509,p2,0.8466666666666667,0.016329931618554516,0.8163809523809522,0.013063945294843539
structured_realistic_clutter,loso_test_p2_val_p3,0.05,pointnet_gru,5,0.5201978691019787,0.025852275196574365,0.46339584698310315,0.025043485314761603,p2,0.5799999999999998,0.03399346342395189,0.5061948051948051,0.0434564645264618
structured_realistic_clutter,loso_test_p2_val_p3,0.1,pointnet_gru,5,0.20350837138508374,0.028252766367395793,0.1442293983242075,0.03485992111946197,p2,0.22000000000000003,0.026666666666666672,0.1514197136197136,0.03783808779050028
structured_realistic_clutter,loso_test_p2_val_p3,0.15,pointnet_gru,5,0.13837138508371385,0.04693139810169464,0.07861551798975498,0.04813165381732008,p2,0.13999999999999999,0.05734883511361751,0.07203276303476525,0.060254622122374965
structured_realistic_clutter,loso_test_p2_val_p3,0.2,pointnet_gru,5,0.1364916286149163,0.03901915619243961,0.07238098435069368,0.04051117113316755,p2,0.12666666666666665,0.048989794855663564,0.05815736620936842,0.05144838303980493
structured_realistic_clutter,loso_test_p2_val_p3,0.3,pointnet_gru,5,0.12334855403348555,0.028936134267150748,0.052749091288540495,0.03607145667126698,p2,0.10666666666666666,0.01333333333333333,0.027274294670846393,0.01671826551040739
point_missing,loso_test_p2_val_p3,0.0,pointnet_tcn,1,0.840220700152207,0.0,0.8355377881384832,0.0,p2,0.9333333333333333,0.0,0.925,0.0
point_missing,loso_test_p2_val_p3,0.1,pointnet_tcn,5,0.8345281582952817,0.0007202141956968621,0.8293218071908637,0.0007214157547959747,p2,0.9,0.0,0.8907142857142858,0.0
point_missing,loso_test_p2_val_p3,0.2,pointnet_tcn,5,0.8291476407914764,0.0007790857772949489,0.8241997389857856,0.0008215742234519237,p2,0.9400000000000001,0.013333333333333332,0.9382857142857144,0.013714285714285656
point_missing,loso_test_p2_val_p3,0.3,pointnet_tcn,5,0.8190258751902588,0.0008329770649931207,0.8144080959867116,0.0009415384866595056,p2,0.9066666666666668,0.013333333333333329,0.9039999999999999,0.013714285714285747
point_missing,loso_test_p2_val_p3,0.4,pointnet_tcn,5,0.8007153729071538,0.0006765939351869852,0.7966560409227803,0.0007694430542704035,p2,0.8733333333333334,0.01333333333333333,0.8632857142857142,0.013714285714285701
point_missing,loso_test_p2_val_p3,0.5,pointnet_tcn,5,0.7742313546423135,0.001047190807384021,0.7693853910706976,0.0012043665003169126,p2,0.8800000000000001,0.016329931618554516,0.8701428571428572,0.016796501093370348
point_missing,loso_test_p2_val_p3,0.6,pointnet_tcn,5,0.7418188736681888,0.0011223653884134337,0.730683754594704,0.0012747987365089022,p2,0.7466666666666667,0.01632993161855457,0.7032467532467532,0.026721706284907408
point_missing,loso_test_p2_val_p3,0.7,pointnet_tcn,5,0.7078158295281582,0.001968802124420883,0.6813411497224033,0.0021883514577086525,p2,0.7666666666666667,0.0,0.7157142857142856,0.0
coordinate_noise,loso_test_p2_val_p3,0.0,pointnet_tcn,1,0.840220700152207,0.0,0.8355377881384832,0.0,p2,0.9333333333333333,0.0,0.925,0.0
coordinate_noise,loso_test_p2_val_p3,0.01,pointnet_tcn,5,0.8410654490106545,0.0004951993450532126,0.8365296836533875,0.0005276896021622187,p2,0.9200000000000002,0.01632993161855452,0.9112857142857143,0.016796501093370348
coordinate_noise,loso_test_p2_val_p3,0.02,pointnet_tcn,5,0.8425875190258753,0.0008180329861056383,0.8382718253505483,0.0008994734412290471,p2,0.9333333333333333,0.0,0.925,0.0
coordinate_noise,loso_test_p2_val_p3,0.05,pointnet_tcn,5,0.8341704718417047,0.0013845818416027627,0.8303065865343546,0.0014115034506594554,p2,0.9333333333333333,0.0,0.9314285714285715,0.0
coordinate_noise,loso_test_p2_val_p3,0.08,pointnet_tcn,5,0.7756773211567731,0.000957029890250719,0.7694208028417485,0.0008718547532036233,p2,0.8666666666666668,1.1102230246251565e-16,0.8400000000000001,0.0
coordinate_noise,loso_test_p2_val_p3,0.1,pointnet_tcn,5,0.714345509893455,0.0007366724529881309,0.7113908842616509,0.0008520238638890784,p2,0.8200000000000001,0.01632993161855452,0.8058181818181817,0.01736910908518984
strong_synthetic_clutter,loso_test_p2_val_p3,0.0,pointnet_tcn,1,0.840220700152207,0.0,0.8355377881384832,0.0,p2,0.9333333333333333,0.0,0.925,0.0
strong_synthetic_clutter,loso_test_p2_val_p3,0.1,pointnet_tcn,5,0.20040334855403347,0.0012694921659241881,0.1287150444924681,0.0012774203999403589,p2,0.1933333333333333,0.013333333333333341,0.11539682539682541,0.013650793650793658
strong_synthetic_clutter,loso_test_p2_val_p3,0.2,pointnet_tcn,5,0.10302891933028921,0.00025423581565433943,0.02400853078546368,0.00043935828490975306,p2,0.1,0.0,0.01818181818181818,0.0
strong_synthetic_clutter,loso_test_p2_val_p3,0.4,pointnet_tcn,5,0.1000076103500761,1.5220700152207555e-05,0.01819890283581255,3.071579724600832e-05,p2,0.1,0.0,0.01818181818181818,0.0
strong_synthetic_clutter,loso_test_p2_val_p3,0.6,pointnet_tcn,5,0.1,0.0,0.01818181818181818,0.0,p2,0.1,0.0,0.01818181818181818,0.0
strong_synthetic_clutter,loso_test_p2_val_p3,0.8,pointnet_tcn,5,0.1,0.0,0.01818181818181818,0.0,p2,0.1,0.0,0.01818181818181818,0.0
structured_realistic_clutter,loso_test_p2_val_p3,0.0,pointnet_tcn,1,0.840220700152207,0.0,0.8355377881384832,0.0,p2,0.9333333333333333,0.0,0.925,0.0
structured_realistic_clutter,loso_test_p2_val_p3,0.02,pointnet_tcn,5,0.6913089802130898,0.0018550530770667674,0.6548405603696236,0.001911640642476688,p2,0.8,0.0,0.7333333333333333,0.0
structured_realistic_clutter,loso_test_p2_val_p3,0.05,pointnet_tcn,5,0.4573896499238965,0.021406176460328847,0.4129193255617645,0.027105311100069796,p2,0.49333333333333335,0.038873012632301994,0.41481240981240974,0.04259056098931378
structured_realistic_clutter,loso_test_p2_val_p3,0.1,pointnet_tcn,5,0.2310350076103501,0.030310932363812722,0.15735604637116235,0.005616390379134159,p2,0.21333333333333332,0.04521553322083512,0.12460291170817486,0.02097067634965578
structured_realistic_clutter,loso_test_p2_val_p3,0.15,pointnet_tcn,5,0.1771461187214612,0.043376903204638044,0.11786995087269687,0.03293051515500035,p2,0.16666666666666666,0.03651483716701108,0.10407266177235217,0.026159996825751135
structured_realistic_clutter,loso_test_p2_val_p3,0.2,pointnet_tcn,5,0.16140030441400305,0.04524943923902481,0.10729175833371922,0.04101522498420973,p2,0.16666666666666666,0.0557773351022717,0.10877418659771601,0.047417497241978857
structured_realistic_clutter,loso_test_p2_val_p3,0.3,pointnet_tcn,5,0.14616438356164382,0.033999748092322854,0.08908264981491612,0.029589153891520763,p2,0.15333333333333332,0.026666666666666672,0.09513584764049161,0.027672609797840763
point_missing,loso_test_p2_val_p3,0.0,robhar_like,1,0.6294140030441401,0.0,0.5662269275469354,0.0,p2,0.6666666666666666,0.0,0.5733333333333334,0.0
point_missing,loso_test_p2_val_p3,0.1,robhar_like,5,0.6213926940639269,0.00035646996738602116,0.5558146331812298,0.0005153602524112443,p2,0.6666666666666666,0.0,0.5733333333333334,0.0
point_missing,loso_test_p2_val_p3,0.2,robhar_like,5,0.6126331811263318,0.0008626928499813582,0.5458363209888335,0.0007223581312544052,p2,0.6666666666666666,0.0,0.5733333333333334,0.0
point_missing,loso_test_p2_val_p3,0.3,robhar_like,5,0.6026179604261797,0.0004136279525631911,0.5350241031733439,0.0007540750885893777,p2,0.6666666666666666,0.0,0.5657142857142857,0.0
point_missing,loso_test_p2_val_p3,0.4,robhar_like,5,0.5887899543378996,0.0014101960209315773,0.5206385594032759,0.0016722165661565052,p2,0.6333333333333333,0.0,0.5357142857142857,0.0
point_missing,loso_test_p2_val_p3,0.5,robhar_like,5,0.5739345509893454,0.001518832172567543,0.5030719187484843,0.0016476511564598097,p2,0.6333333333333333,0.0,0.533047619047619,0.003265986323710925
point_missing,loso_test_p2_val_p3,0.6,robhar_like,5,0.564193302891933,0.001572232755995942,0.4856203258520437,0.0018467584823611697,p2,0.5333333333333333,0.0,0.4343809523809523,0.002666666666666662
point_missing,loso_test_p2_val_p3,0.7,robhar_like,5,0.56337899543379,0.0011274111410889752,0.46891230692624336,0.0016563009133455308,p2,0.6,0.0,0.47359307359307357,0.0
coordinate_noise,loso_test_p2_val_p3,0.0,robhar_like,1,0.6294140030441401,0.0,0.5662269275469354,0.0,p2,0.6666666666666666,0.0,0.5733333333333334,0.0
coordinate_noise,loso_test_p2_val_p3,0.01,robhar_like,5,0.6305327245053272,0.00021872310294064593,0.5678548614962351,0.0003785671588030457,p2,0.6666666666666666,0.0,0.5733333333333334,0.0
coordinate_noise,loso_test_p2_val_p3,0.02,robhar_like,5,0.6330974124809742,0.0003178175497384973,0.5717337666486059,0.00035145606785904026,p2,0.6666666666666666,0.0,0.5733333333333334,0.0
coordinate_noise,loso_test_p2_val_p3,0.05,robhar_like,5,0.6327168949771689,0.0006481766925378045,0.5771121996267395,0.0005830632885423143,p2,0.7,0.0,0.6016666666666667,0.0
coordinate_noise,loso_test_p2_val_p3,0.08,robhar_like,5,0.6032191780821918,0.0016634491436608163,0.5659518211923477,0.0017723730663995164,p2,0.6666666666666666,0.0,0.5827186147186147,0.0021038961038960745
coordinate_noise,loso_test_p2_val_p3,0.1,robhar_like,5,0.5605175038051751,0.001604791689265662,0.5425285101471883,0.001472389129086564,p2,0.5333333333333333,0.0,0.4902597402597402,0.0
strong_synthetic_clutter,loso_test_p2_val_p3,0.0,robhar_like,1,0.6294140030441401,0.0,0.5662269275469354,0.0,p2,0.6666666666666666,0.0,0.5733333333333334,0.0
strong_synthetic_clutter,loso_test_p2_val_p3,0.1,robhar_like,5,0.1497184170471842,0.00028127425589918225,0.08482638096899367,0.00038336000235661785,p2,0.16666666666666666,0.0,0.09935483870967743,0.0
strong_synthetic_clutter,loso_test_p2_val_p3,0.2,robhar_like,5,0.10399543378995435,0.00018328150043824096,0.025931026598458057,0.00034283322284926857,p2,0.1,0.0,0.01818181818181818,0.0
strong_synthetic_clutter,loso_test_p2_val_p3,0.4,robhar_like,5,0.1000152207001522,1.8641474450405382e-05,0.018212499593566824,3.757690168620535e-05,p2,0.1,0.0,0.01818181818181818,0.0
strong_synthetic_clutter,loso_test_p2_val_p3,0.6,robhar_like,5,0.1,0.0,0.01818181818181818,0.0,p2,0.1,0.0,0.01818181818181818,0.0
strong_synthetic_clutter,loso_test_p2_val_p3,0.8,robhar_like,5,0.1,0.0,0.01818181818181818,0.0,p2,0.1,0.0,0.01818181818181818,0.0
structured_realistic_clutter,loso_test_p2_val_p3,0.0,robhar_like,1,0.6294140030441401,0.0,0.5662269275469354,0.0,p2,0.6666666666666666,0.0,0.5733333333333334,0.0
structured_realistic_clutter,loso_test_p2_val_p3,0.02,robhar_like,5,0.6055479452054795,0.0025948280689405646,0.5302297205915047,0.0029598401874492376,p2,0.7,0.0,0.6069264069264069,0.0
structured_realistic_clutter,loso_test_p2_val_p3,0.05,robhar_like,5,0.5230745814307458,0.03342051767715964,0.46441571496834255,0.03470571283816119,p2,0.6,0.08164965809277258,0.5198095238095238,0.08599918261489953
structured_realistic_clutter,loso_test_p2_val_p3,0.1,robhar_like,5,0.24547945205479454,0.03526501391065741,0.1799127632234691,0.04010351576925431,p2,0.24666666666666665,0.03399346342395189,0.17918624993857193,0.0477592363821542
structured_realistic_clutter,loso_test_p2_val_p3,0.15,robhar_like,5,0.1961719939117199,0.05055307923844408,0.13216854600535183,0.052235935449626396,p2,0.20000000000000004,0.051639777949432225,0.12481890266596149,0.04613777474906607
structured_realistic_clutter,loso_test_p2_val_p3,0.2,robhar_like,5,0.1871461187214612,0.03213555726543371,0.12550954751231927,0.03564755581955195,p2,0.2066666666666667,0.02494438257849295,0.13865223665223664,0.033931694113367744
structured_realistic_clutter,loso_test_p2_val_p3,0.3,robhar_like,5,0.1802283105022831,0.032943618852901854,0.11135042419748149,0.040722054541160735,p2,0.15999999999999998,0.03887301263230201,0.08876283945939117,0.04977378863732242
point_missing,loso_test_p2_val_p3,0.0,pct_gru,1,0.6415525114155252,0.0,0.6002972989748004,0.0,p2,0.7,0.0,0.628095238095238,0.0
point_missing,loso_test_p2_val_p3,0.1,pct_gru,5,0.634558599695586,0.0004587722031385718,0.5915795487367106,0.0006447392117272554,p2,0.7,0.0,0.6190476190476191,0.00116642368703955
point_missing,loso_test_p2_val_p3,0.2,pct_gru,5,0.6245738203957383,0.0013946680290965363,0.5789278653306179,0.0016812924865339787,p2,0.7,0.0,0.6180952380952381,0.0
point_missing,loso_test_p2_val_p3,0.3,pct_gru,5,0.6119634703196347,0.0009365988302051829,0.5637221524524829,0.0010073989927125708,p2,0.7,0.0,0.6180952380952381,0.0
point_missing,loso_test_p2_val_p3,0.4,pct_gru,5,0.5950837138508371,0.001460790788436026,0.5443709452054257,0.0018395159839711464,p2,0.7,0.0,0.618095238095238,0.0
point_missing,loso_test_p2_val_p3,0.5,pct_gru,5,0.571468797564688,0.0009874117619715597,0.5181474856839305,0.0010950249358760245,p2,0.7,0.0,0.624047619047619,0.0
point_missing,loso_test_p2_val_p3,0.6,pct_gru,5,0.5410273972602739,0.0005033198101608926,0.48547774792048826,0.000857977171178481,p2,0.6,0.0,0.5035930735930736,0.0
point_missing,loso_test_p2_val_p3,0.7,pct_gru,5,0.500509893455099,0.001360870194657978,0.4395452198488326,0.0021076534545420304,p2,0.6,0.0,0.5035930735930736,0.0
coordinate_noise,loso_test_p2_val_p3,0.0,pct_gru,1,0.6415525114155252,0.0,0.6002972989748004,0.0,p2,0.7,0.0,0.628095238095238,0.0
coordinate_noise,loso_test_p2_val_p3,0.01,pct_gru,5,0.639193302891933,0.000742935455821337,0.597845240394437,0.0008511016646964029,p2,0.7,0.0,0.6235238095238094,0.003732555798526756
coordinate_noise,loso_test_p2_val_p3,0.02,pct_gru,5,0.6346575342465754,0.0008784599105332154,0.593937109946314,0.0010761792814591433,p2,0.7,0.0,0.6180952380952381,0.0
coordinate_noise,loso_test_p2_val_p3,0.05,pct_gru,5,0.6191628614916287,0.0007969457437792309,0.5832841119969501,0.001007082397043988,p2,0.7,0.0,0.6485714285714286,0.005714285714285716
coordinate_noise,loso_test_p2_val_p3,0.08,pct_gru,5,0.6044444444444445,0.0011368243024578815,0.575230294144734,0.0012016337735855226,p2,0.7,0.0,0.6633333333333333,0.0
coordinate_noise,loso_test_p2_val_p3,0.1,pct_gru,5,0.5861415525114155,0.0010543562578287187,0.5618808068996615,0.0010616892493551149,p2,0.7333333333333333,0.0,0.7069047619047619,0.003333333333333322
strong_synthetic_clutter,loso_test_p2_val_p3,0.0,pct_gru,1,0.6415525114155252,0.0,0.6002972989748004,0.0,p2,0.7,0.0,0.628095238095238,0.0
strong_synthetic_clutter,loso_test_p2_val_p3,0.1,pct_gru,5,0.265441400304414,0.0005214061836517708,0.19947899670285768,0.0004504366383925249,p2,0.3,0.0,0.22222222222222224,0.0
strong_synthetic_clutter,loso_test_p2_val_p3,0.2,pct_gru,5,0.19397260273972602,0.0003966153491870769,0.11625403287869829,0.00021114383538073215,p2,0.2,0.0,0.12,0.0
strong_synthetic_clutter,loso_test_p2_val_p3,0.4,pct_gru,5,0.1572146118721461,0.00029238010216588563,0.09196093748853526,0.000239743096828006,p2,0.16666666666666666,0.0,0.09935483870967743,0.0
strong_synthetic_clutter,loso_test_p2_val_p3,0.6,pct_gru,5,0.13038051750380517,0.0005636798839312395,0.06529560360511259,0.0006701443446498553,p2,0.1,0.0,0.01818181818181818,0.0
strong_synthetic_clutter,loso_test_p2_val_p3,0.8,pct_gru,5,0.11703957382039573,0.0002223993789376353,0.04758490863461107,0.00032775635954098635,p2,0.1,0.0,0.01818181818181818,0.0
structured_realistic_clutter,loso_test_p2_val_p3,0.0,pct_gru,1,0.6415525114155252,0.0,0.6002972989748004,0.0,p2,0.7,0.0,0.628095238095238,0.0
structured_realistic_clutter,loso_test_p2_val_p3,0.02,pct_gru,5,0.6504718417047185,0.0016936406209811003,0.6112186578101371,0.0018577073678246365,p2,0.7,0.0,0.628095238095238,0.0
structured_realistic_clutter,loso_test_p2_val_p3,0.05,pct_gru,5,0.5545890410958905,0.007497203031969148,0.513846718143772,0.014958037283767846,p2,0.6666666666666666,0.029814239699997188,0.6122424242424243,0.041146831126309534
structured_realistic_clutter,loso_test_p2_val_p3,0.1,pct_gru,5,0.2868949771689498,0.022817253568571984,0.23538776303774872,0.02435135235150756,p2,0.2866666666666667,0.02666666666666666,0.2311095571095571,0.03138976598049778
structured_realistic_clutter,loso_test_p2_val_p3,0.15,pct_gru,5,0.233013698630137,0.016157896980658237,0.16958903869566225,0.01412482434387785,p2,0.22000000000000003,0.01632993161855452,0.14084109028226674,0.024638203394834402
structured_realistic_clutter,loso_test_p2_val_p3,0.2,pct_gru,5,0.1934322678843227,0.030512764523425908,0.12021142863934346,0.020524916534618638,p2,0.1933333333333333,0.02494438257849295,0.1097349463402095,0.01257765644830349
structured_realistic_clutter,loso_test_p2_val_p3,0.3,pct_gru,5,0.17236681887366817,0.03493699780760616,0.09535871523348224,0.03174681980720389,p2,0.18,0.04521553322083512,0.09445508000771159,0.03993149161091549
point_missing,loso_test_p2_val_p3,0.0,dgcnn_gru,1,0.8163622526636225,0.0,0.7832168174884101,0.0,p2,0.8666666666666667,0.0,0.8323809523809522,0.0
point_missing,loso_test_p2_val_p3,0.1,dgcnn_gru,5,0.8093835616438355,0.0009715052296640903,0.7759783476403492,0.001015407185440443,p2,0.9,0.0,0.8666666666666666,0.0
point_missing,loso_test_p2_val_p3,0.2,dgcnn_gru,5,0.801194824961948,0.0008544630482990064,0.7672591775038157,0.0009337533715955713,p2,0.8666666666666668,1.1102230246251565e-16,0.8323809523809524,0.0
point_missing,loso_test_p2_val_p3,0.3,dgcnn_gru,5,0.789048706240487,0.0008685140102092639,0.7540707325769425,0.0009556723900498235,p2,0.8666666666666668,1.1102230246251565e-16,0.8323809523809524,0.0
point_missing,loso_test_p2_val_p3,0.4,dgcnn_gru,5,0.7712937595129375,0.001426326605582696,0.7339169007747606,0.0014381229125592244,p2,0.8600000000000001,0.01333333333333333,0.8242380952380952,0.016285714285714327
point_missing,loso_test_p2_val_p3,0.5,dgcnn_gru,5,0.7505403348554033,0.0012475868577455991,0.7086913369458656,0.0015301221570810512,p2,0.7466666666666667,0.01632993161855457,0.6816666666666665,0.028577380332470363
point_missing,loso_test_p2_val_p3,0.6,dgcnn_gru,5,0.7271613394216134,0.0011822771308496055,0.6805952199337957,0.0013218702590714897,p2,0.7333333333333333,0.0,0.6583333333333333,0.0
point_missing,loso_test_p2_val_p3,0.7,dgcnn_gru,5,0.6851065449010655,0.000504009762246517,0.6290967411878075,0.0007665109324377282,p2,0.7333333333333333,0.0,0.6583333333333333,0.0
coordinate_noise,loso_test_p2_val_p3,0.0,dgcnn_gru,1,0.8163622526636225,0.0,0.7832168174884101,0.0,p2,0.8666666666666667,0.0,0.8323809523809522,0.0
coordinate_noise,loso_test_p2_val_p3,0.01,dgcnn_gru,5,0.816834094368341,0.00026647094977187566,0.7839350627102981,0.000320169328695778,p2,0.8666666666666668,1.1102230246251565e-16,0.8323809523809522,0.0
coordinate_noise,loso_test_p2_val_p3,0.02,dgcnn_gru,5,0.8154566210045662,0.000567672943652069,0.7827111283610224,0.0005858703239006577,p2,0.8666666666666668,1.1102230246251565e-16,0.8323809523809522,0.0
coordinate_noise,loso_test_p2_val_p3,0.05,dgcnn_gru,5,0.8077092846270928,0.0008695803261544122,0.7776451012297543,0.001125349920548981,p2,0.8666666666666668,1.1102230246251565e-16,0.8323809523809522,0.0
coordinate_noise,loso_test_p2_val_p3,0.08,dgcnn_gru,5,0.751324200913242,0.0006477297665434701,0.7312157725306843,0.0006548610736753233,p2,0.8666666666666668,1.1102230246251565e-16,0.8323809523809522,0.0
coordinate_noise,loso_test_p2_val_p3,0.1,dgcnn_gru,5,0.6823744292237442,0.0012884662060924188,0.6607432646433326,0.0017507471617362964,p2,0.6666666666666666,0.0,0.6202380952380953,0.0
strong_synthetic_clutter,loso_test_p2_val_p3,0.0,dgcnn_gru,1,0.8163622526636225,0.0,0.7832168174884101,0.0,p2,0.8666666666666667,0.0,0.8323809523809522,0.0
strong_synthetic_clutter,loso_test_p2_val_p3,0.1,dgcnn_gru,5,0.15190258751902588,0.0005750726175741958,0.08472481747878428,0.0004393930829717874,p2,0.16666666666666666,0.0,0.09935483870967743,0.0
strong_synthetic_clutter,loso_test_p2_val_p3,0.2,dgcnn_gru,5,0.1034931506849315,0.00028414238512320327,0.024988345201091184,0.0005328336243631994,p2,0.1,0.0,0.01818181818181818,0.0
strong_synthetic_clutter,loso_test_p2_val_p3,0.4,dgcnn_gru,5,0.1,0.0,0.01818181818181818,0.0,p2,0.1,0.0,0.01818181818181818,0.0
strong_synthetic_clutter,loso_test_p2_val_p3,0.6,dgcnn_gru,5,0.1,0.0,0.01818181818181818,0.0,p2,0.1,0.0,0.01818181818181818,0.0
strong_synthetic_clutter,loso_test_p2_val_p3,0.8,dgcnn_gru,5,0.1,0.0,0.01818181818181818,0.0,p2,0.1,0.0,0.01818181818181818,0.0
structured_realistic_clutter,loso_test_p2_val_p3,0.0,dgcnn_gru,1,0.8163622526636225,0.0,0.7832168174884101,0.0,p2,0.8666666666666667,0.0,0.8323809523809522,0.0
structured_realistic_clutter,loso_test_p2_val_p3,0.02,dgcnn_gru,5,0.6766286149162861,0.003075127669728075,0.6204954614914258,0.003205534969434755,p2,0.7133333333333333,0.01632993161855452,0.6423333333333333,0.013063945294843646
structured_realistic_clutter,loso_test_p2_val_p3,0.05,dgcnn_gru,5,0.5155936073059361,0.038661899688587194,0.4442202537747047,0.036159653734294785,p2,0.5866666666666667,0.04521553322083511,0.49765512265512263,0.046315384107531964
structured_realistic_clutter,loso_test_p2_val_p3,0.1,dgcnn_gru,5,0.21551750380517504,0.034161355155001474,0.14368963749619873,0.032647958813381714,p2,0.2066666666666667,0.03887301263230201,0.11811350967872707,0.03902419008038252
structured_realistic_clutter,loso_test_p2_val_p3,0.15,dgcnn_gru,5,0.19567732115677322,0.03335453826752839,0.11805163146321077,0.03366748092066512,p2,0.19999999999999998,0.029814239699997202,0.11269797448927883,0.03580825908975859
structured_realistic_clutter,loso_test_p2_val_p3,0.2,dgcnn_gru,5,0.16883561643835615,0.03243496025356595,0.0923429566678566,0.0252688395954824,p2,0.16666666666666666,0.03651483716701108,0.08192791882447054,0.02973205115268793
structured_realistic_clutter,loso_test_p2_val_p3,0.3,dgcnn_gru,5,0.15206240487062406,0.02904727565085113,0.07465905589115479,0.025817559645982705,p2,0.15999999999999998,0.03887301263230201,0.07734920634920635,0.03728610283133251
point_missing,loso_test_p2_val_p3,0.0,radar_stnet,1,0.9139649923896499,0.0,0.9129268464915338,0.0,p2,1.0,0.0,1.0,0.0
point_missing,loso_test_p2_val_p3,0.1,radar_stnet,5,0.9091019786910198,0.000589691647726369,0.9080646449023437,0.0006096834745440045,p2,1.0,0.0,1.0,0.0
point_missing,loso_test_p2_val_p3,0.2,radar_stnet,5,0.9060502283105023,0.0005397449992845598,0.9051527881419428,0.0005420225990286812,p2,1.0,0.0,1.0,0.0
point_missing,loso_test_p2_val_p3,0.3,radar_stnet,5,0.9004642313546423,0.0010357907324717813,0.8996934928948942,0.0009760185105062507,p2,1.0,0.0,1.0,0.0
point_missing,loso_test_p2_val_p3,0.4,radar_stnet,5,0.8937671232876712,0.0008023056137865407,0.8933093539412639,0.0007969637076392516,p2,1.0,0.0,1.0,0.0
point_missing,loso_test_p2_val_p3,0.5,radar_stnet,5,0.8805098934550989,0.0007079671068224143,0.8808482156300386,0.0006526000178934129,p2,1.0,0.0,1.0,0.0
point_missing,loso_test_p2_val_p3,0.6,radar_stnet,5,0.8605403348554035,0.0010536968729876232,0.8621893167648855,0.001054026515167338,p2,1.0,0.0,1.0,0.0
point_missing,loso_test_p2_val_p3,0.7,radar_stnet,5,0.8234018264840183,0.0009698345401567097,0.8274464846239449,0.0009246768416016998,p2,0.9733333333333334,0.013333333333333332,0.9725714285714286,0.013714285714285745
coordinate_noise,loso_test_p2_val_p3,0.0,radar_stnet,1,0.9139649923896499,0.0,0.9129268464915338,0.0,p2,1.0,0.0,1.0,0.0
coordinate_noise,loso_test_p2_val_p3,0.01,radar_stnet,5,0.9134322678843226,0.0005790871348476831,0.912327823882549,0.0005879863274453479,p2,1.0,0.0,1.0,0.0
coordinate_noise,loso_test_p2_val_p3,0.02,radar_stnet,5,0.9117047184170473,0.0005907710409459987,0.910405612475255,0.000605728444159184,p2,1.0,0.0,1.0,0.0
coordinate_noise,loso_test_p2_val_p3,0.05,radar_stnet,5,0.8975038051750381,0.0005768826075569738,0.8945041350501695,0.0005863783634496623,p2,0.9866666666666667,0.01632993161855452,0.9862857142857143,0.0167965010933704
coordinate_noise,loso_test_p2_val_p3,0.08,radar_stnet,5,0.8596118721461188,0.0010138060377961916,0.8487337062975762,0.0013392869741579833,p2,0.8666666666666668,1.1102230246251565e-16,0.8323809523809522,0.0
coordinate_noise,loso_test_p2_val_p3,0.1,radar_stnet,5,0.8223744292237443,0.0006335359326717593,0.8032120666391913,0.000856341612134154,p2,0.8666666666666668,1.1102230246251565e-16,0.8323809523809522,0.0
strong_synthetic_clutter,loso_test_p2_val_p3,0.0,radar_stnet,1,0.9139649923896499,0.0,0.9129268464915338,0.0,p2,1.0,0.0,1.0,0.0
strong_synthetic_clutter,loso_test_p2_val_p3,0.1,radar_stnet,5,0.29050228310502285,0.0008002094020149133,0.23163847979210242,0.0011817514548036216,p2,0.2866666666666667,0.01632993161855452,0.18326666666666663,0.010287856919689344
strong_synthetic_clutter,loso_test_p2_val_p3,0.2,radar_stnet,5,0.20975646879756468,0.00011440864823724091,0.1244803763015164,0.00046173072732077456,p2,0.2,0.0,0.08888888888888888,0.0
strong_synthetic_clutter,loso_test_p2_val_p3,0.4,radar_stnet,5,0.18005327245053274,0.0007946896488405942,0.09406362082218422,0.0008978022611786114,p2,0.2,0.0,0.10640394088669951,0.0
strong_synthetic_clutter,loso_test_p2_val_p3,0.6,radar_stnet,5,0.16044140030441398,0.0004982309681379845,0.08365925817480221,0.0004611218126301674,p2,0.2,0.0,0.12,0.0
strong_synthetic_clutter,loso_test_p2_val_p3,0.8,radar_stnet,5,0.14382800608828006,0.0005926308168624605,0.07319474510143731,0.00042049743605908997,p2,0.13333333333333333,0.0,0.06875,0.0
structured_realistic_clutter,loso_test_p2_val_p3,0.0,radar_stnet,1,0.9139649923896499,0.0,0.9129268464915338,0.0,p2,1.0,0.0,1.0,0.0
structured_realistic_clutter,loso_test_p2_val_p3,0.02,radar_stnet,5,0.8327701674277017,0.002613066644718872,0.8130910857489031,0.002950443154379247,p2,0.8666666666666668,1.1102230246251565e-16,0.8323809523809522,0.0
structured_realistic_clutter,loso_test_p2_val_p3,0.05,radar_stnet,5,0.7130441400304413,0.021862277446852436,0.680583892376725,0.027299148902968917,p2,0.76,0.032659863237109094,0.7185714285714285,0.037701236318649405
structured_realistic_clutter,loso_test_p2_val_p3,0.1,radar_stnet,5,0.45996194824961945,0.05112710779373444,0.40800631176209334,0.040682368296357865,p2,0.5133333333333333,0.06863753427324665,0.4457647907647907,0.05566007184882857
structured_realistic_clutter,loso_test_p2_val_p3,0.15,radar_stnet,5,0.3889345509893455,0.07558744897709181,0.3393234975812023,0.05814143288241971,p2,0.42666666666666664,0.118133634311129,0.3657492507492507,0.0933934025041312
structured_realistic_clutter,loso_test_p2_val_p3,0.2,radar_stnet,5,0.350296803652968,0.054380732982278204,0.3016163695212847,0.046309429239895554,p2,0.37333333333333335,0.09285592184789412,0.31846531246531246,0.08359166293865772
structured_realistic_clutter,loso_test_p2_val_p3,0.3,radar_stnet,5,0.2869482496194825,0.03907967747169874,0.22589177448374506,0.034276360210066574,p2,0.2866666666666667,0.061824123303304675,0.2096048722519311,0.06327023908084081
point_missing,loso_test_p3_val_p4,0.0,pointnet_gru,1,0.6500380517503805,0.0,0.5897228634600288,0.0,p3,0.6666666666666666,0.0,0.6002597402597403,0.0
point_missing,loso_test_p3_val_p4,0.1,pointnet_gru,5,0.6555098934550989,0.00035970478837433497,0.5968741265877584,0.0004678956993464754,p3,0.6666666666666666,0.0,0.6002597402597403,0.0
point_missing,loso_test_p3_val_p4,0.2,pointnet_gru,5,0.6630974124809741,0.0006753086925868581,0.6062751177428947,0.000908201230271269,p3,0.7,0.0,0.6369264069264069,0.0
point_missing,loso_test_p3_val_p4,0.3,pointnet_gru,5,0.6725190258751903,0.0009089192466869689,0.6175850616874712,0.001046676471915973,p3,0.7,0.0,0.6369264069264069,0.0
point_missing,loso_test_p3_val_p4,0.4,pointnet_gru,5,0.6859741248097413,0.0006741069220024157,0.6341018625715208,0.0007950884743530656,p3,0.7333333333333333,0.0,0.6712121212121211,0.0
point_missing,loso_test_p3_val_p4,0.5,pointnet_gru,5,0.7080441400304414,0.0013076964431473865,0.6613125619705634,0.0015024728268966038,p3,0.7666666666666667,0.0,0.7066666666666667,0.0
point_missing,loso_test_p3_val_p4,0.6,pointnet_gru,5,0.7437671232876713,0.0008970533699475013,0.7052039714257385,0.0009472326874194697,p3,0.7666666666666667,0.0,0.7166666666666666,0.0
point_missing,loso_test_p3_val_p4,0.7,pointnet_gru,5,0.7889345509893454,0.0003986545160946506,0.7522948880959331,0.00043086768094913284,p3,0.8666666666666668,1.1102230246251565e-16,0.8323809523809522,0.0
coordinate_noise,loso_test_p3_val_p4,0.0,pointnet_gru,1,0.6500380517503805,0.0,0.5897228634600288,0.0,p3,0.6666666666666666,0.0,0.6002597402597403,0.0
coordinate_noise,loso_test_p3_val_p4,0.01,pointnet_gru,5,0.6460426179604262,0.00032108102145707394,0.5850961186294636,0.0004120747092571513,p3,0.6333333333333333,0.0,0.5395454545454546,0.0
coordinate_noise,loso_test_p3_val_p4,0.02,pointnet_gru,5,0.6357001522070015,0.00023993733288328294,0.5723901230978153,0.00038093920109401666,p3,0.6333333333333333,0.0,0.5395454545454546,0.0
coordinate_noise,loso_test_p3_val_p4,0.05,pointnet_gru,5,0.5877092846270928,0.00036577214126935623,0.5065867158777395,0.0005036117129995895,p3,0.6,0.0,0.4902597402597403,0.0
coordinate_noise,loso_test_p3_val_p4,0.08,pointnet_gru,5,0.5506697108066971,0.0005975942292054677,0.45748750136809735,0.0007012754151509847,p3,0.6,0.0,0.4902597402597403,0.0
coordinate_noise,loso_test_p3_val_p4,0.1,pointnet_gru,5,0.5285083713850838,0.0007957821063725761,0.4351596145994252,0.0006906441537773166,p3,0.5666666666666667,0.0,0.4742057942057942,0.0038961038961038866
strong_synthetic_clutter,loso_test_p3_val_p4,0.0,pointnet_gru,1,0.6500380517503805,0.0,0.5897228634600288,0.0,p3,0.6666666666666666,0.0,0.6002597402597403,0.0
strong_synthetic_clutter,loso_test_p3_val_p4,0.1,pointnet_gru,5,0.1276103500761035,0.00024495398690153555,0.05310286505286581,0.00023277120859410436,p3,0.1,0.0,0.01875,0.0
strong_synthetic_clutter,loso_test_p3_val_p4,0.2,pointnet_gru,5,0.10296803652968038,0.00032733353375352366,0.023538367677873085,0.0005631625952020113,p3,0.1,0.0,0.01818181818181818,0.0
strong_synthetic_clutter,loso_test_p3_val_p4,0.4,pointnet_gru,5,0.10023592085235922,6.546670675070731e-05,0.01870894346472781,0.00012418758730580172,p3,0.1,0.0,0.01818181818181818,0.0
strong_synthetic_clutter,loso_test_p3_val_p4,0.6,pointnet_gru,5,0.10002283105022831,1.8641474450405382e-05,0.018270413553617842,3.7214125913899377e-05,p3,0.1,0.0,0.01818181818181818,0.0
strong_synthetic_clutter,loso_test_p3_val_p4,0.8,pointnet_gru,5,0.1000076103500761,1.5220700152207555e-05,0.01822850972932695,2.9854940413089414e-05,p3,0.1,0.0,0.01818181818181818,0.0
structured_realistic_clutter,loso_test_p3_val_p4,0.0,pointnet_gru,1,0.6500380517503805,0.0,0.5897228634600288,0.0,p3,0.6666666666666666,0.0,0.6002597402597403,0.0
structured_realistic_clutter,loso_test_p3_val_p4,0.02,pointnet_gru,5,0.6481278538812785,0.001986636663501938,0.5732034713153438,0.0025384910231444876,p3,0.6666666666666666,0.0,0.5802597402597403,0.0
structured_realistic_clutter,loso_test_p3_val_p4,0.05,pointnet_gru,5,0.3991552511415525,0.04109771121734423,0.32377924499168587,0.03710280483171513,p3,0.4066666666666666,0.05734883511361752,0.3176191912662501,0.06818432889375863
structured_realistic_clutter,loso_test_p3_val_p4,0.1,pointnet_gru,5,0.24716894977168952,0.016799709461603682,0.17499112758258084,0.0125526333614253,p3,0.24,0.024944382578492935,0.1462181308887191,0.023475458992107536
structured_realistic_clutter,loso_test_p3_val_p4,0.15,pointnet_gru,5,0.21334094368340945,0.041918680056679786,0.13021597057281178,0.03375720594380876,p3,0.21999999999999997,0.049888765156985884,0.131034521034521,0.03879322553301464
structured_realistic_clutter,loso_test_p3_val_p4,0.2,pointnet_gru,5,0.19854642313546422,0.039299971586259426,0.11989665655665134,0.038880393353040645,p3,0.2,0.029814239699997202,0.12006886446886447,0.03158043778201674
structured_realistic_clutter,loso_test_p3_val_p4,0.3,pointnet_gru,5,0.17527397260273975,0.037764711901647,0.10060375586839228,0.043137898668985174,p3,0.16666666666666666,0.04216370213557839,0.09297553787208958,0.04833671029241835
point_missing,loso_test_p3_val_p4,0.0,pointnet_tcn,1,0.8340182648401826,0.0,0.8007859209675701,0.0,p3,0.9,0.0,0.8666666666666666,0.0
point_missing,loso_test_p3_val_p4,0.1,pointnet_tcn,5,0.8357686453576865,0.0005535189207296452,0.802261144111229,0.0005587919941874302,p3,0.9,0.0,0.8666666666666666,0.0
point_missing,loso_test_p3_val_p4,0.2,pointnet_tcn,5,0.8390791476407916,0.0005628572933668574,0.8047548400349382,0.0005216466020228674,p3,0.9,0.0,0.8666666666666666,0.0
point_missing,loso_test_p3_val_p4,0.3,pointnet_tcn,5,0.8438508371385083,0.0007752104461641767,0.8087024020974388,0.0008108805761113561,p3,0.9,0.0,0.8666666666666666,0.0
point_missing,loso_test_p3_val_p4,0.4,pointnet_tcn,5,0.8478158295281585,0.0008244506888250432,0.811706190822358,0.0008779086859726418,p3,0.9,0.0,0.8666666666666666,0.0
point_missing,loso_test_p3_val_p4,0.5,pointnet_tcn,5,0.850730593607306,0.000451133952367716,0.8135254280999336,0.0003765593825403613,p3,0.8666666666666668,1.1102230246251565e-16,0.8323809523809522,0.0
point_missing,loso_test_p3_val_p4,0.6,pointnet_tcn,5,0.8535159817351599,0.0007137518470437615,0.8148489858599042,0.0006483475449651159,p3,0.8666666666666668,1.1102230246251565e-16,0.8264285714285714,0.0
point_missing,loso_test_p3_val_p4,0.7,pointnet_tcn,5,0.8541476407914764,0.0008326293392150836,0.8132517135509181,0.0008251362556543584,p3,0.8666666666666668,1.1102230246251565e-16,0.8264285714285714,0.0
coordinate_noise,loso_test_p3_val_p4,0.0,pointnet_tcn,1,0.8340182648401826,0.0,0.8007859209675701,0.0,p3,0.9,0.0,0.8666666666666666,0.0
coordinate_noise,loso_test_p3_val_p4,0.01,pointnet_tcn,5,0.8325266362252662,0.00016914848379675555,0.7994571995791032,0.00012426641886890171,p3,0.9,0.0,0.8666666666666666,0.0
coordinate_noise,loso_test_p3_val_p4,0.02,pointnet_tcn,5,0.8285235920852358,0.000209250031733151,0.7956937816974312,0.00024093144804897593,p3,0.9,0.0,0.8666666666666666,0.0
coordinate_noise,loso_test_p3_val_p4,0.05,pointnet_tcn,5,0.7964916286149164,0.00026733893562025775,0.7645207738899881,0.0002984095625382227,p3,0.8666666666666668,1.1102230246251565e-16,0.8399999999999999,0.0
coordinate_noise,loso_test_p3_val_p4,0.08,pointnet_tcn,5,0.7282191780821917,0.00040385081161102234,0.6858596881693598,0.0005178634851301254,p3,0.8,0.0,0.75,0.0
coordinate_noise,loso_test_p3_val_p4,0.1,pointnet_tcn,5,0.6756164383561644,0.0007116389484055122,0.6265081356200017,0.0010866617167407783,p3,0.7866666666666667,0.016329931618554516,0.7362857142857143,0.0167965010933704
strong_synthetic_clutter,loso_test_p3_val_p4,0.0,pointnet_tcn,1,0.8340182648401826,0.0,0.8007859209675701,0.0,p3,0.9,0.0,0.8666666666666666,0.0
strong_synthetic_clutter,loso_test_p3_val_p4,0.1,pointnet_tcn,5,0.19318112633181125,0.0007698876288304709,0.1305161766093582,0.0010159403896591959,p3,0.2,0.0,0.12,0.0
strong_synthetic_clutter,loso_test_p3_val_p4,0.2,pointnet_tcn,5,0.11095890410958904,0.0005679789393316714,0.03836539185296347,0.0010001263340573266,p3,0.1,0.0,0.01818181818181818,0.0
strong_synthetic_clutter,loso_test_p3_val_p4,0.4,pointnet_tcn,5,0.10003044140030441,2.8475322578184875e-05,0.01824316944374499,5.738112735880467e-05,p3,0.1,0.0,0.01818181818181818,0.0
strong_synthetic_clutter,loso_test_p3_val_p4,0.6,pointnet_tcn,5,0.1,0.0,0.01818181818181818,0.0,p3,0.1,0.0,0.01818181818181818,0.0
strong_synthetic_clutter,loso_test_p3_val_p4,0.8,pointnet_tcn,5,0.1,0.0,0.01818181818181818,0.0,p3,0.1,0.0,0.01818181818181818,0.0
structured_realistic_clutter,loso_test_p3_val_p4,0.0,pointnet_tcn,1,0.8340182648401826,0.0,0.8007859209675701,0.0,p3,0.9,0.0,0.8666666666666666,0.0
structured_realistic_clutter,loso_test_p3_val_p4,0.02,pointnet_tcn,5,0.7360882800608829,0.0019933597479220504,0.6797060916217057,0.0025105293797960913,p3,0.8,0.0,0.75,0.0
structured_realistic_clutter,loso_test_p3_val_p4,0.05,pointnet_tcn,5,0.45084474885844755,0.02152645601477999,0.4184448857913782,0.014281531057687816,p3,0.4533333333333333,0.026666666666666658,0.40179365079365087,0.020942373752575
structured_realistic_clutter,loso_test_p3_val_p4,0.1,pointnet_tcn,5,0.30468036529680365,0.038931407651021696,0.27731978011344244,0.024482028354747668,p3,0.3,0.05577733510227169,0.26352566198103955,0.03722199188948654
structured_realistic_clutter,loso_test_p3_val_p4,0.15,pointnet_tcn,5,0.2482496194824962,0.0426113756056686,0.21550487405064706,0.02919876752203024,p3,0.25333333333333335,0.04521553322083511,0.20846462948815891,0.03939962796340957
structured_realistic_clutter,loso_test_p3_val_p4,0.2,pointnet_tcn,5,0.2136681887366819,0.052768059009103335,0.17323662819030666,0.042972741342230635,p3,0.21333333333333332,0.06531972647421809,0.1675887445887446,0.06071884002642144
structured_realistic_clutter,loso_test_p3_val_p4,0.3,pointnet_tcn,5,0.19388888888888886,0.060423843737559955,0.14493613857206417,0.06040210067590667,p3,0.18666666666666665,0.06863753427324668,0.14000459770114942,0.06674317512339063
point_missing,loso_test_p3_val_p4,0.0,robhar_like,1,0.5488584474885845,0.0,0.459565323528288,0.0,p3,0.6,0.0,0.5,0.0
point_missing,loso_test_p3_val_p4,0.1,robhar_like,5,0.5518721461187214,0.00021579066786542376,0.46178319413744323,0.00028687543635326745,p3,0.6,0.0,0.5,0.0
point_missing,loso_test_p3_val_p4,0.2,robhar_like,5,0.554337899543379,0.0003174528708464988,0.4639244869155821,0.0003994374377197111,p3,0.6,0.0,0.5,0.0
point_missing,loso_test_p3_val_p4,0.3,robhar_like,5,0.5570928462709285,0.00044021780407850264,0.46640318359103106,0.0003992065372276832,p3,0.6,0.0,0.5,0.0
point_missing,loso_test_p3_val_p4,0.4,robhar_like,5,0.5610882800608828,0.0002631905093727734,0.4710922419862135,0.000536412449352059,p3,0.6,0.0,0.5005594405594406,0.0002797202797202747
point_missing,loso_test_p3_val_p4,0.5,robhar_like,5,0.5680821917808219,0.0005388858741887246,0.47884418953405766,0.00037409228062635415,p3,0.6,0.0,0.5006993006993007,0.0
point_missing,loso_test_p3_val_p4,0.6,robhar_like,5,0.5813622526636225,0.0001431878822087326,0.49670775390495236,0.0002505211282604454,p3,0.6,0.0,0.5006993006993007,0.0
point_missing,loso_test_p3_val_p4,0.7,robhar_like,5,0.6132039573820396,0.00023332891501912404,0.5442638924403246,0.0005108478150658311,p3,0.6,0.0,0.5006993006993007,0.0
coordinate_noise,loso_test_p3_val_p4,0.0,robhar_like,1,0.5488584474885845,0.0,0.459565323528288,0.0,p3,0.6,0.0,0.5,0.0
coordinate_noise,loso_test_p3_val_p4,0.01,robhar_like,5,0.5476712328767123,0.000247072801837877,0.45871592527104327,0.00020985750941620551,p3,0.6,0.0,0.5,0.0
coordinate_noise,loso_test_p3_val_p4,0.02,robhar_like,5,0.5445053272450533,0.0001374084481375072,0.45637272984400656,0.0001903055394398794,p3,0.6,0.0,0.5,0.0
coordinate_noise,loso_test_p3_val_p4,0.05,robhar_like,5,0.524916286149163,0.00041152224762850125,0.4436021143960881,0.000363034468386509,p3,0.6,0.0,0.5006993006993007,0.0
coordinate_noise,loso_test_p3_val_p4,0.08,robhar_like,5,0.47257229832572295,0.0010505040116359859,0.4099678281964992,0.0008563702118972685,p3,0.5666666666666667,0.0,0.4841666666666667,0.0
coordinate_noise,loso_test_p3_val_p4,0.1,robhar_like,5,0.41025114155251147,0.000384002307809538,0.36260147305214097,0.0004918110622966924,p3,0.4600000000000001,0.01333333333333333,0.40192982456140347,0.012631578947368438
strong_synthetic_clutter,loso_test_p3_val_p4,0.0,robhar_like,1,0.5488584474885845,0.0,0.459565323528288,0.0,p3,0.6,0.0,0.5,0.0
strong_synthetic_clutter,loso_test_p3_val_p4,0.1,robhar_like,5,0.10595129375951293,0.00011936367687487095,0.029414499958413297,0.0002069038369340381,p3,0.1,0.0,0.01818181818181818,0.0
strong_synthetic_clutter,loso_test_p3_val_p4,0.2,robhar_like,5,0.1000152207001522,3.0441400304409556e-05,0.018212728078449696,6.15057875174014e-05,p3,0.1,0.0,0.01818181818181818,0.0
strong_synthetic_clutter,loso_test_p3_val_p4,0.4,robhar_like,5,0.1,0.0,0.01818181818181818,0.0,p3,0.1,0.0,0.01818181818181818,0.0
strong_synthetic_clutter,loso_test_p3_val_p4,0.6,robhar_like,5,0.1,0.0,0.01818181818181818,0.0,p3,0.1,0.0,0.01818181818181818,0.0
strong_synthetic_clutter,loso_test_p3_val_p4,0.8,robhar_like,5,0.1,0.0,0.01818181818181818,0.0,p3,0.1,0.0,0.01818181818181818,0.0
structured_realistic_clutter,loso_test_p3_val_p4,0.0,robhar_like,1,0.5488584474885845,0.0,0.459565323528288,0.0,p3,0.6,0.0,0.5,0.0
structured_realistic_clutter,loso_test_p3_val_p4,0.02,robhar_like,5,0.5238964992389651,0.002505065538909104,0.44715842440512954,0.0018835944421035852,p3,0.6,0.0,0.5051428571428571,0.0018662778992633235
structured_realistic_clutter,loso_test_p3_val_p4,0.05,robhar_like,5,0.28568493150684926,0.042056652308368664,0.23417778893596056,0.04800308500212926,p3,0.2733333333333333,0.044221663871405324,0.21227028044419347,0.052449119620235234
structured_realistic_clutter,loso_test_p3_val_p4,0.1,robhar_like,5,0.20664383561643834,0.029599836115138986,0.12633963969501516,0.02267527011803045,p3,0.19333333333333333,0.04422166387140534,0.10377928967584138,0.03248904828777642
structured_realistic_clutter,loso_test_p3_val_p4,0.15,robhar_like,5,0.168455098934551,0.033348828435668346,0.09251739757184106,0.02561060333554584,p3,0.17333333333333334,0.03887301263230201,0.09442652329749103,0.03518763057103567
structured_realistic_clutter,loso_test_p3_val_p4,0.2,robhar_like,5,0.14247336377473363,0.01931049514483887,0.07020460194536193,0.0228560785120946,p3,0.13999999999999999,0.024944382578492935,0.06521319985168707,0.03101445511258175
structured_realistic_clutter,loso_test_p3_val_p4,0.3,robhar_like,5,0.12796803652968033,0.016821766041233727,0.054426364318414286,0.02118568391329206,p3,0.13333333333333333,0.02108185106778919,0.059354838709677414,0.02529822128134704
point_missing,loso_test_p3_val_p4,0.0,pct_gru,1,0.6067351598173516,0.0,0.5401721642399131,0.0,p3,0.6666666666666666,0.0,0.6057142857142856,0.0
point_missing,loso_test_p3_val_p4,0.1,pct_gru,5,0.6069558599695586,0.0005027441267858249,0.5400981716137473,0.00047314616860111687,p3,0.6666666666666666,0.0,0.6057142857142856,0.0
point_missing,loso_test_p3_val_p4,0.2,pct_gru,5,0.6054109589041096,0.0005742663464204812,0.5377072593884532,0.0009556473899117196,p3,0.6666666666666666,0.0,0.6057142857142856,0.0
point_missing,loso_test_p3_val_p4,0.3,pct_gru,5,0.6031278538812785,0.0006757373783995105,0.5343087761682336,0.0006422545627085523,p3,0.6666666666666666,0.0,0.6057142857142856,0.0
point_missing,loso_test_p3_val_p4,0.4,pct_gru,5,0.6010730593607306,0.0007265393598089715,0.5308689503522416,0.0010502310231264923,p3,0.6666666666666666,0.0,0.6057142857142856,0.0
point_missing,loso_test_p3_val_p4,0.5,pct_gru,5,0.5978995433789955,0.0003095083623693074,0.5256367213219736,0.0005294912993808243,p3,0.6599999999999999,0.013333333333333332,0.5975714285714286,0.016285714285714233
point_missing,loso_test_p3_val_p4,0.6,pct_gru,5,0.5936149162861492,0.0004341236133014028,0.5183226879059414,0.0005278425930587522,p3,0.6333333333333333,0.0,0.5650000000000001,0.0
point_missing,loso_test_p3_val_p4,0.7,pct_gru,5,0.5892465753424657,0.0008005712094222685,0.5104984204939439,0.0011528980749278997,p3,0.6333333333333333,0.0,0.5650000000000001,0.0
coordinate_noise,loso_test_p3_val_p4,0.0,pct_gru,1,0.6067351598173516,0.0,0.5401721642399131,0.0,p3,0.6666666666666666,0.0,0.6057142857142856,0.0
coordinate_noise,loso_test_p3_val_p4,0.01,pct_gru,5,0.6067579908675799,0.00022135524463089067,0.5403454468616669,0.0001919943461295701,p3,0.6666666666666666,0.0,0.6057142857142856,0.0
coordinate_noise,loso_test_p3_val_p4,0.02,pct_gru,5,0.60662100456621,0.0004161407340789289,0.5403934563166045,0.00048703329363451004,p3,0.6666666666666666,0.0,0.6057142857142856,0.0
coordinate_noise,loso_test_p3_val_p4,0.05,pct_gru,5,0.6188736681887367,0.0009298963405848298,0.5527816886911496,0.00081475622717897,p3,0.7066666666666666,0.024944382578492935,0.6429134199134199,0.02359064128214344
coordinate_noise,loso_test_p3_val_p4,0.08,pct_gru,5,0.6470243531202435,0.00043942770268653195,0.566719690568641,0.0006179807734027212,p3,0.7,0.0,0.6069264069264069,0.0
coordinate_noise,loso_test_p3_val_p4,0.1,pct_gru,5,0.6471613394216134,0.0007214194414705623,0.5571724737581789,0.0009842412105053157,p3,0.6333333333333333,0.0,0.5308744588744588,0.0021038961038961188
strong_synthetic_clutter,loso_test_p3_val_p4,0.0,pct_gru,1,0.6067351598173516,0.0,0.5401721642399131,0.0,p3,0.6666666666666666,0.0,0.6057142857142856,0.0
strong_synthetic_clutter,loso_test_p3_val_p4,0.1,pct_gru,5,0.3643683409436834,0.0008258544880517788,0.29198319238640386,0.0005645248239976626,p3,0.3333333333333333,0.0,0.25465838509316774,0.002857142857142858
strong_synthetic_clutter,loso_test_p3_val_p4,0.2,pct_gru,5,0.24057838660578384,0.0008262050651733473,0.1826143315486605,0.0009928305191021943,p3,0.2,0.0,0.12222222222222223,0.0
strong_synthetic_clutter,loso_test_p3_val_p4,0.4,pct_gru,5,0.1911111111111111,0.0010135203540083079,0.13510395560667368,0.0010173491730402864,p3,0.2,0.0,0.12,0.0
strong_synthetic_clutter,loso_test_p3_val_p4,0.6,pct_gru,5,0.17009132420091325,0.0009236469664200203,0.11286877347246844,0.001225907044000606,p3,0.16666666666666666,0.0,0.09935483870967743,0.0
strong_synthetic_clutter,loso_test_p3_val_p4,0.8,pct_gru,5,0.15660578386605783,0.0006775348969270962,0.09892207823273093,0.0007069257862382446,p3,0.15333333333333332,0.016329931618554516,0.08711290322580645,0.014993247699777681
structured_realistic_clutter,loso_test_p3_val_p4,0.0,pct_gru,1,0.6067351598173516,0.0,0.5401721642399131,0.0,p3,0.6666666666666666,0.0,0.6057142857142856,0.0
structured_realistic_clutter,loso_test_p3_val_p4,0.02,pct_gru,5,0.6109360730593607,0.0015235152955527895,0.5440754722035042,0.00244310437739067,p3,0.6666666666666666,0.0,0.5965714285714286,0.004571428571428537
structured_realistic_clutter,loso_test_p3_val_p4,0.05,pct_gru,5,0.5716894977168949,0.01566691812487025,0.49991439731611675,0.016863253190054422,p3,0.6066666666666667,0.02494438257849294,0.5336666666666667,0.027416167830377033
structured_realistic_clutter,loso_test_p3_val_p4,0.1,pct_gru,5,0.5196042617960426,0.030461137056914292,0.42626923827972263,0.03656482007809522,p3,0.5533333333333333,0.04521553322083511,0.44618747918747914,0.06566093360265286
structured_realistic_clutter,loso_test_p3_val_p4,0.15,pct_gru,5,0.4679147640791476,0.02317643872169502,0.37428128135715555,0.025027171080516712,p3,0.48,0.01632993161855452,0.3786904761904762,0.01722072263239437
structured_realistic_clutter,loso_test_p3_val_p4,0.2,pct_gru,5,0.42671232876712334,0.032321462296770596,0.33610598089718896,0.03971277984375467,p3,0.44000000000000006,0.02494438257849294,0.34023076923076917,0.04300766957828856
structured_realistic_clutter,loso_test_p3_val_p4,0.3,pct_gru,5,0.3893226788432268,0.03986451162217205,0.308672798215124,0.05202933579327613,p3,0.38666666666666666,0.0498887651569859,0.30273128900683083,0.06492034398283807
point_missing,loso_test_p3_val_p4,0.0,dgcnn_gru,1,0.6343607305936073,0.0,0.5741984840899563,0.0,p3,0.7,0.0,0.625,0.0
point_missing,loso_test_p3_val_p4,0.1,dgcnn_gru,5,0.6427016742770169,0.0010771804668571225,0.5829245019289433,0.0010018968627953644,p3,0.7,0.0,0.6166666666666666,0.0
point_missing,loso_test_p3_val_p4,0.2,dgcnn_gru,5,0.6486225266362252,0.0006631929963176602,0.5910547946235344,0.0008267595912545724,p3,0.7,0.0,0.6166666666666666,0.0
point_missing,loso_test_p3_val_p4,0.3,dgcnn_gru,5,0.6581735159817352,0.00037391532713968627,0.60420489588445,0.0005275972418277972,p3,0.7,0.0,0.6166666666666666,0.0
point_missing,loso_test_p3_val_p4,0.4,dgcnn_gru,5,0.6730365296803653,0.0006893985904197061,0.6249887878026403,0.0006843933410686555,p3,0.7,0.0,0.6166666666666666,0.0
point_missing,loso_test_p3_val_p4,0.5,dgcnn_gru,5,0.6990258751902587,0.0013054800820358182,0.655181242448512,0.0011088445057124002,p3,0.7333333333333333,0.0,0.6712121212121211,0.0
point_missing,loso_test_p3_val_p4,0.6,dgcnn_gru,5,0.7374657534246575,0.0006081617358906476,0.6923375223053461,0.0008144415695887796,p3,0.8,0.0,0.7333333333333333,0.0
point_missing,loso_test_p3_val_p4,0.7,dgcnn_gru,5,0.7674733637747336,0.0016150088127313076,0.7277504593086951,0.0017689221571059593,p3,0.7666666666666667,0.0,0.7194444444444444,0.0
coordinate_noise,loso_test_p3_val_p4,0.0,dgcnn_gru,1,0.6343607305936073,0.0,0.5741984840899563,0.0,p3,0.7,0.0,0.625,0.0
coordinate_noise,loso_test_p3_val_p4,0.01,dgcnn_gru,5,0.631324200913242,0.0006047236080767018,0.5706747693607618,0.0007163678347445556,p3,0.7,0.0,0.625,0.0
coordinate_noise,loso_test_p3_val_p4,0.02,dgcnn_gru,5,0.6237290715372907,0.0005971094443206199,0.5618359580302303,0.0007514418306976689,p3,0.7,0.0,0.625,0.0
coordinate_noise,loso_test_p3_val_p4,0.05,dgcnn_gru,5,0.5818264840182649,0.0006817956287496065,0.5122628197954804,0.0007092732928912274,p3,0.6,0.0,0.48782051282051275,0.0
coordinate_noise,loso_test_p3_val_p4,0.08,dgcnn_gru,5,0.5429147640791477,0.0007516159893532322,0.4557934372667084,0.0009008550257310282,p3,0.6,0.0,0.49523809523809526,0.0
coordinate_noise,loso_test_p3_val_p4,0.1,dgcnn_gru,5,0.5285844748858447,0.00025400790362673436,0.4398606195409734,0.0003337488222340601,p3,0.6,0.0,0.5007142857142857,0.0
strong_synthetic_clutter,loso_test_p3_val_p4,0.0,dgcnn_gru,1,0.6343607305936073,0.0,0.5741984840899563,0.0,p3,0.7,0.0,0.625,0.0
strong_synthetic_clutter,loso_test_p3_val_p4,0.1,dgcnn_gru,5,0.10018264840182649,6.0882800608830226e-05,0.018630911049239935,0.00012478167157240448,p3,0.1,0.0,0.01818181818181818,0.0
strong_synthetic_clutter,loso_test_p3_val_p4,0.2,dgcnn_gru,5,0.1,0.0,0.018182321371569617,4.706967281516282e-07,p3,0.1,0.0,0.01818181818181818,0.0
strong_synthetic_clutter,loso_test_p3_val_p4,0.4,dgcnn_gru,5,0.1,0.0,0.01818181818181818,0.0,p3,0.1,0.0,0.01818181818181818,0.0
strong_synthetic_clutter,loso_test_p3_val_p4,0.6,dgcnn_gru,5,0.1,0.0,0.01818181818181818,0.0,p3,0.1,0.0,0.01818181818181818,0.0
strong_synthetic_clutter,loso_test_p3_val_p4,0.8,dgcnn_gru,5,0.1,0.0,0.01818181818181818,0.0,p3,0.1,0.0,0.01818181818181818,0.0
structured_realistic_clutter,loso_test_p3_val_p4,0.0,dgcnn_gru,1,0.6343607305936073,0.0,0.5741984840899563,0.0,p3,0.7,0.0,0.625,0.0
structured_realistic_clutter,loso_test_p3_val_p4,0.02,dgcnn_gru,5,0.5491171993911721,0.0032716894092038565,0.5070013339199239,0.004123286229767311,p3,0.6266666666666667,0.01333333333333333,0.5787619047619048,0.015809523809523808
structured_realistic_clutter,loso_test_p3_val_p4,0.05,dgcnn_gru,5,0.27164383561643834,0.02976650459250682,0.2337766968482434,0.03499974889781062,p3,0.25999999999999995,0.04422166387140532,0.2119005081874647,0.05431456368312234
structured_realistic_clutter,loso_test_p3_val_p4,0.1,dgcnn_gru,5,0.1295662100456621,0.010149023162442396,0.05990088307342521,0.011159358337446926,p3,0.12666666666666665,0.01333333333333333,0.05309921076328196,0.01756310659368296
structured_realistic_clutter,loso_test_p3_val_p4,0.15,dgcnn_gru,5,0.10768645357686453,0.002833361031356297,0.03242159223263254,0.004605988132946582,p3,0.1,0.0,0.01899193548387097,0.000296309243078611
structured_realistic_clutter,loso_test_p3_val_p4,0.2,dgcnn_gru,5,0.10035768645357686,0.00043823987972261435,0.01938028055088829,0.0008384605418073527,p3,0.1,0.0,0.018530058651026395,0.00046742927065381533
structured_realistic_clutter,loso_test_p3_val_p4,0.3,dgcnn_gru,5,0.1,0.0,0.018413969043345267,0.00017116690217534958,p3,0.1,0.0,0.018295454545454545,0.00022727272727272735
point_missing,loso_test_p3_val_p4,0.0,radar_stnet,1,0.7183789954337899,0.0,0.6678363590746094,0.0,p3,0.8,0.0,0.735,0.0
point_missing,loso_test_p3_val_p4,0.1,radar_stnet,5,0.7199238964992389,0.0011482805285477076,0.6700219189058323,0.0014407409431549051,p3,0.8,0.0,0.735,0.0
point_missing,loso_test_p3_val_p4,0.2,radar_stnet,5,0.7222222222222222,0.0005189566855778673,0.6732630043127905,0.0009150979677033561,p3,0.8,0.0,0.735,0.0
point_missing,loso_test_p3_val_p4,0.3,radar_stnet,5,0.7246727549467276,0.00014559456978470081,0.6770498649979334,0.0002578008676376649,p3,0.8,0.0,0.735,0.0
point_missing,loso_test_p3_val_p4,0.4,radar_stnet,5,0.7284170471841706,0.0009564245199009636,0.6827657982483352,0.0013305394853931015,p3,0.8,0.0,0.735,0.0
point_missing,loso_test_p3_val_p4,0.5,radar_stnet,5,0.7338356164383562,0.0007403583870328949,0.6917498608347898,0.0011885456775474112,p3,0.8,0.0,0.735,0.0
point_missing,loso_test_p3_val_p4,0.6,radar_stnet,5,0.7416362252663622,0.001087348325480485,0.7046405040113445,0.001126619534481091,p3,0.8,0.0,0.735,0.0
point_missing,loso_test_p3_val_p4,0.7,radar_stnet,5,0.7565220700152206,0.001695691199608862,0.7248843124918616,0.002006829180427003,p3,0.8333333333333334,0.0,0.7916666666666666,0.0
coordinate_noise,loso_test_p3_val_p4,0.0,radar_stnet,1,0.7183789954337899,0.0,0.6678363590746094,0.0,p3,0.8,0.0,0.735,0.0
coordinate_noise,loso_test_p3_val_p4,0.01,radar_stnet,5,0.7163850837138508,0.00023530631405998279,0.6654936757057656,0.0004295554516489361,p3,0.8,0.0,0.735,0.0
coordinate_noise,loso_test_p3_val_p4,0.02,radar_stnet,5,0.7113165905631659,0.00039588452979118493,0.6603189485213334,0.0005312960738552818,p3,0.8,0.0,0.735,0.0
coordinate_noise,loso_test_p3_val_p4,0.05,radar_stnet,5,0.6724809741248097,0.0003676673463982223,0.6220223219413614,0.00035113608447339876,p3,0.7666666666666667,0.0,0.7066666666666667,0.0
coordinate_noise,loso_test_p3_val_p4,0.08,radar_stnet,5,0.5997336377473363,0.0005036649043462327,0.5319705817620161,0.0006684525959565171,p3,0.7,0.0,0.6145454545454545,0.0
coordinate_noise,loso_test_p3_val_p4,0.1,radar_stnet,5,0.5675114155251142,0.000333816015212513,0.4863330728507404,0.000597726223917804,p3,0.6,0.0,0.5051428571428571,0.0018662778992633235
strong_synthetic_clutter,loso_test_p3_val_p4,0.0,radar_stnet,1,0.7183789954337899,0.0,0.6678363590746094,0.0,p3,0.8,0.0,0.735,0.0
strong_synthetic_clutter,loso_test_p3_val_p4,0.1,radar_stnet,5,0.21180365296803655,0.0004414003044139994,0.10766670926233182,0.0007395795379802552,p3,0.2,0.0,0.08888888888888888,0.0
strong_synthetic_clutter,loso_test_p3_val_p4,0.2,radar_stnet,5,0.19729832572298325,0.00017847852967365298,0.09641965898720366,8.839756157305169e-05,p3,0.2,0.0,0.09842364532019704,0.00399014778325123
strong_synthetic_clutter,loso_test_p3_val_p4,0.4,radar_stnet,5,0.17312024353120242,0.0002792075544572929,0.09724039283981305,0.00025063179980152256,p3,0.18666666666666668,0.01632993161855453,0.11174193548387097,0.010114022163749889
strong_synthetic_clutter,loso_test_p3_val_p4,0.6,radar_stnet,5,0.14145357686453575,0.00039807296288043025,0.07565696109585199,0.000354797232689177,p3,0.13333333333333333,0.0,0.06875,0.0
strong_synthetic_clutter,loso_test_p3_val_p4,0.8,radar_stnet,5,0.11663622526636226,0.0003800606084987454,0.04662083648147423,0.0005545539407429306,p3,0.1,0.0,0.01818181818181818,0.0
structured_realistic_clutter,loso_test_p3_val_p4,0.0,radar_stnet,1,0.7183789954337899,0.0,0.6678363590746094,0.0,p3,0.8,0.0,0.735,0.0
structured_realistic_clutter,loso_test_p3_val_p4,0.02,radar_stnet,5,0.693013698630137,0.0009045117975434208,0.636137801511158,0.0015561905960033242,p3,0.72,0.016329931618554516,0.6397142857142857,0.027760883751542672
structured_realistic_clutter,loso_test_p3_val_p4,0.05,radar_stnet,5,0.5262861491628615,0.02128897190677069,0.45371325674651625,0.026792675784874122,p3,0.5333333333333333,0.02108185106778919,0.45646719946719944,0.02245255668568049
structured_realistic_clutter,loso_test_p3_val_p4,0.1,radar_stnet,5,0.3731811263318113,0.019238618790596428,0.2995081006708003,0.02206418866348368,p3,0.35333333333333333,0.02666666666666666,0.2708997545282375,0.023861446060172188
structured_realistic_clutter,loso_test_p3_val_p4,0.15,radar_stnet,5,0.3191476407914764,0.025585442358603418,0.2400486526680085,0.018984360423215274,p3,0.31333333333333335,0.026666666666666658,0.23111349520045174,0.025989711562598532
structured_realistic_clutter,loso_test_p3_val_p4,0.2,radar_stnet,5,0.2724353120243531,0.02864254713768041,0.18726340322803703,0.030280968610608913,p3,0.25999999999999995,0.038873012632301994,0.1670905712644843,0.04434164237053812
structured_realistic_clutter,loso_test_p3_val_p4,0.3,radar_stnet,5,0.23465753424657537,0.028707763727217846,0.14175602807796892,0.031042869264875168,p3,0.22666666666666666,0.038873012632302,0.12764981684981686,0.04397333790442891
point_missing,loso_test_p4_val_p5,0.0,pointnet_gru,1,0.5569254185692541,0.0,0.4835034183146257,0.0,p4,0.6333333333333333,0.0,0.5416666666666666,0.0
point_missing,loso_test_p4_val_p5,0.1,pointnet_gru,5,0.5453500761035007,0.0003993802667702406,0.468663293862513,0.0003846530239546311,p4,0.6333333333333333,0.0,0.5416666666666666,0.0
point_missing,loso_test_p4_val_p5,0.2,pointnet_gru,5,0.5327397260273973,0.0005667539653549559,0.45229945181136244,0.0008088598063217036,p4,0.5599999999999999,0.013333333333333332,0.4495757575757575,0.014181818181818183
point_missing,loso_test_p4_val_p5,0.3,pointnet_gru,5,0.5176484018264841,0.001260518435984489,0.43206049574834166,0.001480437531794506,p4,0.5333333333333333,0.0,0.4212121212121212,0.0
point_missing,loso_test_p4_val_p5,0.4,pointnet_gru,5,0.5010958904109589,0.0008506587735049251,0.4095134360531792,0.000766296104958893,p4,0.5333333333333333,0.0,0.4212121212121212,0.0
point_missing,loso_test_p4_val_p5,0.5,pointnet_gru,5,0.48418569254185695,0.00040313310922827174,0.3855706770833816,0.0005645047970023679,p4,0.5,0.0,0.36666666666666664,0.0
point_missing,loso_test_p4_val_p5,0.6,pointnet_gru,5,0.4636605783866058,0.0009572114266989435,0.3559609181493308,0.0012536732770618848,p4,0.5,0.0,0.36666666666666664,0.0
point_missing,loso_test_p4_val_p5,0.7,pointnet_gru,5,0.43834855403348555,0.0010013902102849863,0.3221828989198709,0.0013964985104112939,p4,0.4333333333333334,5.551115123125783e-17,0.31666666666666665,0.0
coordinate_noise,loso_test_p4_val_p5,0.0,pointnet_gru,1,0.5569254185692541,0.0,0.4835034183146257,0.0,p4,0.6333333333333333,0.0,0.5416666666666666,0.0
coordinate_noise,loso_test_p4_val_p5,0.01,pointnet_gru,5,0.5601598173515981,0.00040770457339358787,0.4874158153218371,0.00045168261221663217,p4,0.6333333333333333,0.0,0.5416666666666666,0.0
coordinate_noise,loso_test_p4_val_p5,0.02,pointnet_gru,5,0.5692846270928462,0.0004122253444125216,0.4977839722285813,0.00046384063739845886,p4,0.6333333333333333,0.0,0.5416666666666666,0.0
coordinate_noise,loso_test_p4_val_p5,0.05,pointnet_gru,5,0.6110350076103501,0.0005963329687719565,0.5451601196263488,0.0006910120622496284,p4,0.6666666666666666,0.0,0.5926406926406926,0.0029160592175989566
coordinate_noise,loso_test_p4_val_p5,0.08,pointnet_gru,5,0.6503957382039574,0.000794033452862867,0.5912561873636607,0.0008210476402597453,p4,0.7,0.0,0.6257142857142857,0.0
coordinate_noise,loso_test_p4_val_p5,0.1,pointnet_gru,5,0.663531202435312,0.0005698114626281406,0.6062538767987956,0.0005092356819581717,p4,0.7,0.0,0.6257142857142857,0.0
strong_synthetic_clutter,loso_test_p4_val_p5,0.0,pointnet_gru,1,0.5569254185692541,0.0,0.4835034183146257,0.0,p4,0.6333333333333333,0.0,0.5416666666666666,0.0
strong_synthetic_clutter,loso_test_p4_val_p5,0.1,pointnet_gru,5,0.1484703196347032,0.0011149617395319602,0.08806316426889489,0.0013483500564257643,p4,0.16666666666666666,0.0,0.1,0.0
strong_synthetic_clutter,loso_test_p4_val_p5,0.2,pointnet_gru,5,0.11770928462709285,0.0008328379921037728,0.047937291384070095,0.001177847704366437,p4,0.1,0.0,0.01818181818181818,0.0
strong_synthetic_clutter,loso_test_p4_val_p5,0.4,pointnet_gru,5,0.1036986301369863,0.0001946227070402489,0.025340891954059537,0.00036349268422917786,p4,0.1,0.0,0.01818181818181818,0.0
strong_synthetic_clutter,loso_test_p4_val_p5,0.6,pointnet_gru,5,0.10185692541856925,0.0002249885159679523,0.021850075570307825,0.0004353229264802563,p4,0.1,0.0,0.01818181818181818,0.0
strong_synthetic_clutter,loso_test_p4_val_p5,0.8,pointnet_gru,5,0.10117960426179604,0.00023824164143833223,0.02053085791884311,0.00046938817498054036,p4,0.1,0.0,0.01818181818181818,0.0
structured_realistic_clutter,loso_test_p4_val_p5,0.0,pointnet_gru,1,0.5569254185692541,0.0,0.4835034183146257,0.0,p4,0.6333333333333333,0.0,0.5416666666666666,0.0
structured_realistic_clutter,loso_test_p4_val_p5,0.02,pointnet_gru,5,0.5679984779299847,0.001513484155353994,0.5015845798283042,0.0015008757253444861,p4,0.6333333333333333,0.0,0.5416666666666666,0.0
structured_realistic_clutter,loso_test_p4_val_p5,0.05,pointnet_gru,5,0.34652968036529674,0.03960523282035137,0.27602587868311,0.026474586817241574,p4,0.4,0.03651483716701109,0.3073088023088023,0.021277745960871272
structured_realistic_clutter,loso_test_p4_val_p5,0.1,pointnet_gru,5,0.22257229832572295,0.05701736748181403,0.17996081324198349,0.04386793873432184,p4,0.23333333333333334,0.04714045207910316,0.18674974200206396,0.04382856834489888
structured_realistic_clutter,loso_test_p4_val_p5,0.15,pointnet_gru,5,0.20399543378995433,0.0551396359420619,0.14111695717930015,0.03969952007993531,p4,0.19999999999999998,0.07601169500660919,0.13027949472343064,0.062151066365846476
structured_realistic_clutter,loso_test_p4_val_p5,0.2,pointnet_gru,5,0.1815677321156773,0.0361080483967274,0.11731934852036285,0.021468781242847,p4,0.1933333333333333,0.048989794855663564,0.12319835719835721,0.02117965084302277
structured_realistic_clutter,loso_test_p4_val_p5,0.3,pointnet_gru,5,0.1747640791476408,0.028764076973024855,0.1066929840322498,0.02463499139355992,p4,0.18666666666666665,0.0339934634239519,0.11364651483781918,0.034857513889228725
point_missing,loso_test_p4_val_p5,0.0,pointnet_tcn,1,0.6917808219178082,0.0,0.6609822715613067,0.0,p4,0.7333333333333333,0.0,0.6823809523809524,0.0
point_missing,loso_test_p4_val_p5,0.1,pointnet_tcn,5,0.6823896499238964,0.0006090182351215249,0.6520077770785272,0.0007233249344024777,p4,0.7333333333333333,0.0,0.6823809523809524,0.0
point_missing,loso_test_p4_val_p5,0.2,pointnet_tcn,5,0.6694216133942161,0.0005286865885223024,0.6391180883607818,0.0006428427840924288,p4,0.7333333333333333,0.0,0.6883333333333334,0.0
point_missing,loso_test_p4_val_p5,0.3,pointnet_tcn,5,0.6501978691019787,0.0006061585312554217,0.6201187403233842,0.0008953664568675116,p4,0.7066666666666667,0.01333333333333333,0.6576666666666667,0.015333333333333332
point_missing,loso_test_p4_val_p5,0.4,pointnet_tcn,5,0.6231278538812786,0.0014142561536902832,0.5932791287763969,0.0018598462870190841,p4,0.6666666666666666,0.0,0.5933333333333333,0.0
point_missing,loso_test_p4_val_p5,0.5,pointnet_tcn,5,0.5836681887366819,0.0012803495187100797,0.5518063699245797,0.0014569827234687275,p4,0.6,0.0,0.5333333333333333,0.0
point_missing,loso_test_p4_val_p5,0.6,pointnet_tcn,5,0.5350684931506849,0.0010502834565187704,0.49400144267793794,0.0012874260798543616,p4,0.44666666666666666,0.01632993161855452,0.33516666666666667,0.02571964229922337
point_missing,loso_test_p4_val_p5,0.7,pointnet_tcn,5,0.4791628614916286,0.0008262050651733308,0.41517862167014075,0.0015122401220008903,p4,0.4333333333333334,5.551115123125783e-17,0.31416666666666665,0.0
coordinate_noise,loso_test_p4_val_p5,0.0,pointnet_tcn,1,0.6917808219178082,0.0,0.6609822715613067,0.0,p4,0.7333333333333333,0.0,0.6823809523809524,0.0
coordinate_noise,loso_test_p4_val_p5,0.01,pointnet_tcn,5,0.6940867579908676,0.0003400046865096997,0.6629147913639627,0.0004904464566957383,p4,0.7333333333333333,0.0,0.6823809523809524,0.0
coordinate_noise,loso_test_p4_val_p5,0.02,pointnet_tcn,5,0.6972678843226789,0.0004433641297908284,0.6649793194079339,0.0006165338762486935,p4,0.7333333333333333,0.0,0.6823809523809524,0.0
coordinate_noise,loso_test_p4_val_p5,0.05,pointnet_tcn,5,0.7199162861491629,0.0008209306885943556,0.6840669048404573,0.0010200062210267153,p4,0.7333333333333333,0.0,0.6823809523809524,0.0
coordinate_noise,loso_test_p4_val_p5,0.08,pointnet_tcn,5,0.7371232876712328,0.0008585203505462536,0.6990096855349203,0.0010709792108884138,p4,0.7466666666666667,0.01632993161855457,0.6977142857142857,0.018779421361337697
coordinate_noise,loso_test_p4_val_p5,0.1,pointnet_tcn,5,0.7381506849315069,0.0009561822644462415,0.6966980795786168,0.0010312092495966688,p4,0.8,0.0,0.7514285714285713,0.0
strong_synthetic_clutter,loso_test_p4_val_p5,0.0,pointnet_tcn,1,0.6917808219178082,0.0,0.6609822715613067,0.0,p4,0.7333333333333333,0.0,0.6823809523809524,0.0
strong_synthetic_clutter,loso_test_p4_val_p5,0.1,pointnet_tcn,5,0.19703957382039575,0.00023751121056814428,0.12292099414102686,0.0005478350467265326,p4,0.2,0.0,0.12142857142857141,0.0
strong_synthetic_clutter,loso_test_p4_val_p5,0.2,pointnet_tcn,5,0.17253424657534247,0.0008257843547674589,0.0958630844903003,0.0005001054416085276,p4,0.2,0.0,0.12,0.0
strong_synthetic_clutter,loso_test_p4_val_p5,0.4,pointnet_tcn,5,0.10021308980213091,0.00010096270290275559,0.018615855133496426,0.00020194418940081964,p4,0.1,0.0,0.01818181818181818,0.0
strong_synthetic_clutter,loso_test_p4_val_p5,0.6,pointnet_tcn,5,0.1,0.0,0.01818181818181818,0.0,p4,0.1,0.0,0.01818181818181818,0.0
strong_synthetic_clutter,loso_test_p4_val_p5,0.8,pointnet_tcn,5,0.1,0.0,0.01818181818181818,0.0,p4,0.1,0.0,0.01818181818181818,0.0
structured_realistic_clutter,loso_test_p4_val_p5,0.0,pointnet_tcn,1,0.6917808219178082,0.0,0.6609822715613067,0.0,p4,0.7333333333333333,0.0,0.6823809523809524,0.0
structured_realistic_clutter,loso_test_p4_val_p5,0.02,pointnet_tcn,5,0.626613394216134,0.0019247717312483666,0.5918530687087774,0.0023840687258033337,p4,0.6733333333333332,0.024944382578492935,0.6200476190476192,0.028051782373515386
structured_realistic_clutter,loso_test_p4_val_p5,0.05,pointnet_tcn,5,0.4023744292237443,0.0408571947837584,0.3564189368045107,0.040206900267935615,p4,0.43999999999999995,0.07717224601860151,0.35417748917748926,0.08134758498814583
structured_realistic_clutter,loso_test_p4_val_p5,0.1,pointnet_tcn,5,0.24430745814307456,0.013972664915650395,0.20804646136490484,0.023476950324183624,p4,0.24000000000000005,0.013333333333333332,0.1978196248196248,0.02686327483572328
structured_realistic_clutter,loso_test_p4_val_p5,0.15,pointnet_tcn,5,0.20942161339421617,0.04707778550350005,0.162031336137952,0.0537086142204282,p4,0.21333333333333332,0.06531972647421808,0.15681577131233881,0.06067385292011494
structured_realistic_clutter,loso_test_p4_val_p5,0.2,pointnet_tcn,5,0.1841248097412481,0.041167783386296314,0.13423442697182697,0.0442073246390063,p4,0.1733333333333333,0.05333333333333334,0.11206561554387642,0.049813049677284886
structured_realistic_clutter,loso_test_p4_val_p5,0.3,pointnet_tcn,5,0.18159817351598173,0.03055367044307102,0.11950866329270393,0.03496790744520873,p4,0.18,0.04521553322083512,0.11633109342764514,0.046673702686583864
point_missing,loso_test_p4_val_p5,0.0,robhar_like,1,0.5950152207001522,0.0,0.488220729474497,0.0,p4,0.6,0.0,0.4833333333333333,0.0
point_missing,loso_test_p4_val_p5,0.1,robhar_like,5,0.5912024353120244,0.0002338248325074243,0.4831811690415216,0.000211103083544974,p4,0.6,0.0,0.4833333333333333,0.0
point_missing,loso_test_p4_val_p5,0.2,robhar_like,5,0.5875951293759513,0.00020841802035965985,0.4790901413582832,0.0003132497707006093,p4,0.6,0.0,0.4833333333333333,0.0
point_missing,loso_test_p4_val_p5,0.3,robhar_like,5,0.5818264840182648,0.0004852754510481108,0.47292808316559415,0.000480754328617103,p4,0.6,0.0,0.4833333333333333,0.0
point_missing,loso_test_p4_val_p5,0.4,robhar_like,5,0.5734855403348554,0.00022754819463815216,0.4642544488880551,0.00017714740544698095,p4,0.6,0.0,0.4833333333333333,0.0
point_missing,loso_test_p4_val_p5,0.5,robhar_like,5,0.5604337899543379,0.0007309106364409651,0.45000030521981305,0.0009989374198447,p4,0.6,0.0,0.4833333333333333,0.0
point_missing,loso_test_p4_val_p5,0.6,robhar_like,5,0.5366818873668189,0.0005048135145137779,0.42277153153825286,0.0006297579711970276,p4,0.5599999999999999,0.02494438257849294,0.43961904761904763,0.02844758875761614
point_missing,loso_test_p4_val_p5,0.7,robhar_like,5,0.5012480974124809,0.0011312062855363934,0.3793927936803092,0.0014328623186722605,p4,0.5,0.0,0.35,0.0
coordinate_noise,loso_test_p4_val_p5,0.0,robhar_like,1,0.5950152207001522,0.0,0.488220729474497,0.0,p4,0.6,0.0,0.4833333333333333,0.0
coordinate_noise,loso_test_p4_val_p5,0.01,robhar_like,5,0.5944672754946728,0.00013312675559008018,0.48789990916882997,0.00011368942636993544,p4,0.6,0.0,0.4833333333333333,0.0
coordinate_noise,loso_test_p4_val_p5,0.02,robhar_like,5,0.5947260273972603,0.00023530631405998279,0.48861975381645084,0.00023586035281865134,p4,0.6,0.0,0.4833333333333333,0.0
coordinate_noise,loso_test_p4_val_p5,0.05,robhar_like,5,0.5989878234398782,0.0003287459827466203,0.4967754384577501,0.0006104829421732837,p4,0.6,0.0,0.4833333333333333,0.0
coordinate_noise,loso_test_p4_val_p5,0.08,robhar_like,5,0.6076940639269406,0.0006495156253683905,0.5133445066618577,0.0006909086398425388,p4,0.6,0.0,0.47738095238095235,0.0
coordinate_noise,loso_test_p4_val_p5,0.1,robhar_like,5,0.6139345509893456,0.0006337187449487215,0.5237510155434089,0.0005743119736857835,p4,0.6,0.0,0.47738095238095235,0.0
strong_synthetic_clutter,loso_test_p4_val_p5,0.0,robhar_like,1,0.5950152207001522,0.0,0.488220729474497,0.0,p4,0.6,0.0,0.4833333333333333,0.0
strong_synthetic_clutter,loso_test_p4_val_p5,0.1,robhar_like,5,0.14508371385083713,0.000832420634025898,0.08219162498374262,0.0008624013286100301,p4,0.1733333333333333,0.013333333333333341,0.10483743842364532,0.008295566502463048
strong_synthetic_clutter,loso_test_p4_val_p5,0.2,robhar_like,5,0.10706240487062404,0.0005590370676470889,0.03130292319641565,0.0009842214566962199,p4,0.1,0.0,0.01818181818181818,0.0
strong_synthetic_clutter,loso_test_p4_val_p5,0.4,robhar_like,5,0.10016742770167428,7.835334962699218e-05,0.018521771162770408,0.0001581490523170969,p4,0.1,0.0,0.01818181818181818,0.0
strong_synthetic_clutter,loso_test_p4_val_p5,0.6,robhar_like,5,0.1000152207001522,1.8641474450405382e-05,0.018212625388828747,3.747489407152918e-05,p4,0.1,0.0,0.01818181818181818,0.0
strong_synthetic_clutter,loso_test_p4_val_p5,0.8,robhar_like,5,0.1,0.0,0.01818181818181818,0.0,p4,0.1,0.0,0.01818181818181818,0.0
structured_realistic_clutter,loso_test_p4_val_p5,0.0,robhar_like,1,0.5950152207001522,0.0,0.488220729474497,0.0,p4,0.6,0.0,0.4833333333333333,0.0
structured_realistic_clutter,loso_test_p4_val_p5,0.02,robhar_like,5,0.4966894977168949,0.0010156325111387084,0.3923827196815158,0.0008024835340648619,p4,0.5,0.0,0.3833333333333333,0.0
structured_realistic_clutter,loso_test_p4_val_p5,0.05,robhar_like,5,0.36352359208523594,0.036401399886966335,0.2764440071946857,0.026999150391029687,p4,0.3866666666666667,0.03399346342395192,0.2751653901653902,0.027331034287610176
structured_realistic_clutter,loso_test_p4_val_p5,0.1,robhar_like,5,0.2182267884322679,0.05504462096778466,0.17221909067638647,0.033597351948377555,p4,0.21999999999999997,0.05811865258054231,0.16797693878189235,0.04597937984230257
structured_realistic_clutter,loso_test_p4_val_p5,0.15,robhar_like,5,0.18958904109589042,0.05350655021712652,0.13020136337572435,0.03888536089843763,p4,0.18,0.06182412330330469,0.10483898539653017,0.04135908496157482
structured_realistic_clutter,loso_test_p4_val_p5,0.2,robhar_like,5,0.16097412480974124,0.0371325708880022,0.10269060084618968,0.04194008680658463,p4,0.15333333333333332,0.045215533220835116,0.0897894858764424,0.052353805788795664
structured_realistic_clutter,loso_test_p4_val_p5,0.3,robhar_like,5,0.1663774733637747,0.02811363235659878,0.09282092116014665,0.0377956724436393,p4,0.16666666666666666,0.03651483716701108,0.092817316017316,0.05130999794516185
point_missing,loso_test_p4_val_p5,0.0,pct_gru,1,0.42100456621004567,0.0,0.3077117015124167,0.0,p4,0.4,0.0,0.26666666666666666,0.0
point_missing,loso_test_p4_val_p5,0.1,pct_gru,5,0.41958904109589046,0.00038460513754925556,0.30532252527307824,0.000597049530256388,p4,0.4,0.0,0.26666666666666666,0.0
point_missing,loso_test_p4_val_p5,0.2,pct_gru,5,0.41965753424657537,0.0005533096112418146,0.30543166180648035,0.0009396872655758967,p4,0.4,0.0,0.26666666666666666,0.0
point_missing,loso_test_p4_val_p5,0.3,pct_gru,5,0.4175646879756469,0.0004557322654971006,0.3020149990107059,0.0008217932114545584,p4,0.4,0.0,0.26666666666666666,0.0
point_missing,loso_test_p4_val_p5,0.4,pct_gru,5,0.4167503805175038,0.0006132827889773489,0.300651957621504,0.0007836477853106713,p4,0.4066666666666666,0.01333333333333333,0.27757575757575753,0.021818181818181803
point_missing,loso_test_p4_val_p5,0.5,pct_gru,5,0.4143455098934551,0.0003308533503696148,0.29689025300691196,0.0005042098931402291,p4,0.40666666666666673,0.01333333333333333,0.27757575757575753,0.021818181818181803
point_missing,loso_test_p4_val_p5,0.6,pct_gru,5,0.4126712328767123,0.0004404808562705457,0.29369500186553277,0.0005858692299452922,p4,0.4333333333333334,5.551115123125783e-17,0.32121212121212117,0.0
point_missing,loso_test_p4_val_p5,0.7,pct_gru,5,0.4099010654490106,0.0006989102876054027,0.2885983607796276,0.0011351214751767582,p4,0.40666666666666673,0.01333333333333333,0.27813519813519816,0.021538461538461527
coordinate_noise,loso_test_p4_val_p5,0.0,pct_gru,1,0.42100456621004567,0.0,0.3077117015124167,0.0,p4,0.4,0.0,0.26666666666666666,0.0
coordinate_noise,loso_test_p4_val_p5,0.01,pct_gru,5,0.4212252663622526,0.00021444448711727278,0.3078631302851228,0.00025025852942631437,p4,0.4,0.0,0.26666666666666666,0.0
coordinate_noise,loso_test_p4_val_p5,0.02,pct_gru,5,0.4221993911719939,0.000288391100783822,0.3094861424019363,0.0003387837353735545,p4,0.4,0.0,0.26666666666666666,0.0
coordinate_noise,loso_test_p4_val_p5,0.05,pct_gru,5,0.43414003044140026,0.000532398247561421,0.3313372758902554,0.0006855266516757221,p4,0.42666666666666664,0.013333333333333332,0.31030303030303025,0.021818181818181803
coordinate_noise,loso_test_p4_val_p5,0.08,pct_gru,5,0.48424657534246573,0.00028778798175324333,0.40559673254121,0.0004921454984116081,p4,0.4333333333333334,5.551115123125783e-17,0.32121212121212117,0.0
coordinate_noise,loso_test_p4_val_p5,0.1,pct_gru,5,0.5594368340943684,0.0012147987786444321,0.4897117285898494,0.0010520144901884129,p4,0.6,0.0,0.5023809523809524,0.0
strong_synthetic_clutter,loso_test_p4_val_p5,0.0,pct_gru,1,0.42100456621004567,0.0,0.3077117015124167,0.0,p4,0.4,0.0,0.26666666666666666,0.0
strong_synthetic_clutter,loso_test_p4_val_p5,0.1,pct_gru,5,0.28663622526636223,0.0022809985208635656,0.21376451720462245,0.003015970979579002,p4,0.2533333333333333,0.01632993161855452,0.1472190476190476,0.012154134818952722
strong_synthetic_clutter,loso_test_p4_val_p5,0.2,pct_gru,5,0.2043074581430746,0.00027796015780440317,0.09980469997050682,0.0006255871420656474,p4,0.2,0.0,0.08888888888888888,0.0
strong_synthetic_clutter,loso_test_p4_val_p5,0.4,pct_gru,5,0.2,0.0,0.10128273178229208,0.00010050814268679822,p4,0.2,0.0,0.10640394088669951,0.0
strong_synthetic_clutter,loso_test_p4_val_p5,0.6,pct_gru,5,0.20000761035007608,1.5220700152207555e-05,0.10974710944474128,0.0002525126658316683,p4,0.2,0.0,0.12,0.0
strong_synthetic_clutter,loso_test_p4_val_p5,0.8,pct_gru,5,0.2,0.0,0.11444328963768682,8.640398883344281e-05,p4,0.2,0.0,0.12,0.0
structured_realistic_clutter,loso_test_p4_val_p5,0.0,pct_gru,1,0.42100456621004567,0.0,0.3077117015124167,0.0,p4,0.4,0.0,0.26666666666666666,0.0
structured_realistic_clutter,loso_test_p4_val_p5,0.02,pct_gru,5,0.42275494672754943,0.0013362613194650766,0.31038617372429644,0.0017707770415827777,p4,0.4,0.0,0.26666666666666666,0.0
structured_realistic_clutter,loso_test_p4_val_p5,0.05,pct_gru,5,0.4135235920852359,0.04334570139443192,0.3314206385969994,0.046054423785347236,p4,0.41999999999999993,0.04521553322083514,0.314953823953824,0.05028100824433851
structured_realistic_clutter,loso_test_p4_val_p5,0.1,pct_gru,5,0.4209436834094369,0.07427628221559611,0.3681082163316543,0.0732927715315165,p4,0.45999999999999996,0.0879393730551528,0.4016333666333666,0.08180642550612671
structured_realistic_clutter,loso_test_p4_val_p5,0.15,pct_gru,5,0.35646879756468797,0.055530847698915864,0.29437109647012927,0.0543086924330602,p4,0.3866666666666666,0.08055363982396382,0.3174473304473305,0.08090115792407566
structured_realistic_clutter,loso_test_p4_val_p5,0.2,pct_gru,5,0.30056316590563165,0.03670627658855605,0.2266762897518475,0.04843518272312264,p4,0.31999999999999995,0.04521553322083513,0.24043015807721688,0.05881058969778275
structured_realistic_clutter,loso_test_p4_val_p5,0.3,pct_gru,5,0.2586453576864535,0.007012407988915224,0.16909047189378162,0.012415119323004332,p4,0.26,0.024944382578492935,0.16652081252081252,0.024257345796510493
point_missing,loso_test_p4_val_p5,0.0,dgcnn_gru,1,0.6733257229832572,0.0,0.6181872709598201,0.0,p4,0.7,0.0,0.6257142857142857,0.0
point_missing,loso_test_p4_val_p5,0.1,dgcnn_gru,5,0.6670167427701673,0.00030574291364690104,0.6111790020930924,0.00028250108587858847,p4,0.7,0.0,0.6257142857142857,0.0
point_missing,loso_test_p4_val_p5,0.2,dgcnn_gru,5,0.6582115677321158,0.0005158223197208877,0.6011592424381906,0.0007555643959511566,p4,0.7,0.0,0.6257142857142857,0.0
point_missing,loso_test_p4_val_p5,0.3,dgcnn_gru,5,0.6434703196347031,0.0003278639151984597,0.5844813486589098,0.00040798236522910795,p4,0.6933333333333334,0.01333333333333333,0.6186233766233766,0.014181818181818162
point_missing,loso_test_p4_val_p5,0.4,dgcnn_gru,5,0.6206849315068493,0.0007039470977075662,0.5600007211270657,0.0008353010336606697,p4,0.6666666666666666,0.0,0.5902597402597403,0.0
point_missing,loso_test_p4_val_p5,0.5,dgcnn_gru,5,0.5795205479452055,0.0010377459522706463,0.5137749030365402,0.0010412845018714179,p4,0.6333333333333333,0.0,0.531926406926407,0.0
point_missing,loso_test_p4_val_p5,0.6,dgcnn_gru,5,0.5250684931506849,0.001125560227715646,0.45009658581585954,0.0012653469395742835,p4,0.5266666666666666,0.013333333333333332,0.4344905094905095,0.02153846153846155
point_missing,loso_test_p4_val_p5,0.7,dgcnn_gru,5,0.42853120243531206,0.00046814479449710134,0.31941721084514163,0.0008830199512358956,p4,0.4,0.0,0.2507142857142857,0.0
coordinate_noise,loso_test_p4_val_p5,0.0,dgcnn_gru,1,0.6733257229832572,0.0,0.6181872709598201,0.0,p4,0.7,0.0,0.6257142857142857,0.0
coordinate_noise,loso_test_p4_val_p5,0.01,dgcnn_gru,5,0.6739649923896499,0.0001348557469305175,0.6197137195116497,0.0002530059170458455,p4,0.7,0.0,0.6257142857142857,0.0
coordinate_noise,loso_test_p4_val_p5,0.02,dgcnn_gru,5,0.674337899543379,0.0002598686617802815,0.6214536231227058,0.00032523214180575914,p4,0.7,0.0,0.6257142857142857,0.0
coordinate_noise,loso_test_p4_val_p5,0.05,dgcnn_gru,5,0.6828995433789955,0.0003450771399925433,0.636975781257066,0.0004340282529746152,p4,0.7333333333333333,0.0,0.6823809523809524,0.0
coordinate_noise,loso_test_p4_val_p5,0.08,dgcnn_gru,5,0.6864611872146119,0.00047672632460780506,0.6492444590167794,0.0005316415334256412,p4,0.7333333333333333,0.0,0.6883333333333334,0.0
coordinate_noise,loso_test_p4_val_p5,0.1,dgcnn_gru,5,0.657640791476408,0.000600880394007649,0.6226275690127242,0.0006996744559094395,p4,0.7,0.0,0.6573809523809524,0.0
strong_synthetic_clutter,loso_test_p4_val_p5,0.0,dgcnn_gru,1,0.6733257229832572,0.0,0.6181872709598201,0.0,p4,0.7,0.0,0.6257142857142857,0.0
strong_synthetic_clutter,loso_test_p4_val_p5,0.1,dgcnn_gru,5,0.1806468797564688,0.00024376890986372738,0.1045012314844316,0.0002415281438066708,p4,0.2,0.0,0.12,0.0
strong_synthetic_clutter,loso_test_p4_val_p5,0.2,dgcnn_gru,5,0.11863774733637748,0.0010140345268767662,0.049832018082908665,0.0014442665910216564,p4,0.1,0.0,0.01818181818181818,0.0
strong_synthetic_clutter,loso_test_p4_val_p5,0.4,dgcnn_gru,5,0.1,0.0,0.01818181818181818,0.0,p4,0.1,0.0,0.01818181818181818,0.0
strong_synthetic_clutter,loso_test_p4_val_p5,0.6,dgcnn_gru,5,0.1,0.0,0.01818181818181818,0.0,p4,0.1,0.0,0.01818181818181818,0.0
strong_synthetic_clutter,loso_test_p4_val_p5,0.8,dgcnn_gru,5,0.1,0.0,0.01818181818181818,0.0,p4,0.1,0.0,0.01818181818181818,0.0
structured_realistic_clutter,loso_test_p4_val_p5,0.0,dgcnn_gru,1,0.6733257229832572,0.0,0.6181872709598201,0.0,p4,0.7,0.0,0.6257142857142857,0.0
structured_realistic_clutter,loso_test_p4_val_p5,0.02,dgcnn_gru,5,0.5761491628614916,0.001999857518051163,0.5204877926819964,0.0025802336031843613,p4,0.6066666666666667,0.01333333333333333,0.5346666666666666,0.0226666666666667
structured_realistic_clutter,loso_test_p4_val_p5,0.05,dgcnn_gru,5,0.3140867579908676,0.009070036803979772,0.2682196310270727,0.013432255906029793,p4,0.33999999999999997,0.024944382578492935,0.27588891569386925,0.021472863936178296
structured_realistic_clutter,loso_test_p4_val_p5,0.1,dgcnn_gru,5,0.19920852359208524,0.028233469524845962,0.12049822060096127,0.03688229311450807,p4,0.1933333333333333,0.02494438257849295,0.11076332785987957,0.04011975749236907
structured_realistic_clutter,loso_test_p4_val_p5,0.15,dgcnn_gru,5,0.16181887366818876,0.018508734375195582,0.07948775803452383,0.016761157197341236,p4,0.14666666666666667,0.02666666666666666,0.06385331143951833,0.02397991487535267
structured_realistic_clutter,loso_test_p4_val_p5,0.2,dgcnn_gru,5,0.15733637747336376,0.015420443555214122,0.07512070044112819,0.011205706829380926,p4,0.15333333333333332,0.016329931618554516,0.0699376026272578,0.010245786480059091
structured_realistic_clutter,loso_test_p4_val_p5,0.3,dgcnn_gru,5,0.155,0.031763869059127786,0.07271722928679535,0.028533037894681673,p4,0.15999999999999998,0.03887301263230201,0.07500192012288787,0.03382014793983018
point_missing,loso_test_p4_val_p5,0.0,radar_stnet,1,0.7359969558599696,0.0,0.6923062660672386,0.0,p4,0.7666666666666667,0.0,0.7066666666666667,0.0
point_missing,loso_test_p4_val_p5,0.1,radar_stnet,5,0.7339497716894976,0.00028515972595427515,0.6895204813505671,0.0003546776109891486,p4,0.7666666666666667,0.0,0.7066666666666667,0.0
point_missing,loso_test_p4_val_p5,0.2,radar_stnet,5,0.7319939117199391,0.0006090182351215612,0.6871722457670334,0.0005994066277472694,p4,0.7666666666666667,0.0,0.7066666666666667,0.0
point_missing,loso_test_p4_val_p5,0.3,radar_stnet,5,0.7286986301369863,0.00027796015780441916,0.6833372717875277,0.0004601417787172648,p4,0.7666666666666667,0.0,0.7066666666666667,0.0
point_missing,loso_test_p4_val_p5,0.4,radar_stnet,5,0.7248401826484019,0.0006918306348470885,0.6791331604972307,0.0006009915143900703,p4,0.7666666666666667,0.0,0.7066666666666667,0.0
point_missing,loso_test_p4_val_p5,0.5,radar_stnet,5,0.7194520547945206,0.0008268357294089233,0.672781675265419,0.0007549323726192457,p4,0.7666666666666667,0.0,0.7066666666666667,0.0
point_missing,loso_test_p4_val_p5,0.6,radar_stnet,5,0.7112937595129376,0.0002737611225054125,0.6637320270500868,0.0002491636083111292,p4,0.7666666666666667,0.0,0.7066666666666667,0.0
point_missing,loso_test_p4_val_p5,0.7,radar_stnet,5,0.6964992389649923,0.0010218861149382894,0.647171912776993,0.0010841171849141865,p4,0.7666666666666667,0.0,0.7066666666666667,0.0
coordinate_noise,loso_test_p4_val_p5,0.0,radar_stnet,1,0.7359969558599696,0.0,0.6923062660672386,0.0,p4,0.7666666666666667,0.0,0.7066666666666667,0.0
coordinate_noise,loso_test_p4_val_p5,0.01,radar_stnet,5,0.7365220700152206,0.00027481689627496645,0.692987332645688,0.00031224488284312373,p4,0.7666666666666667,0.0,0.7066666666666667,0.0
coordinate_noise,loso_test_p4_val_p5,0.02,radar_stnet,5,0.737861491628615,0.00024066040031723703,0.6948298389054276,0.00028145271949180084,p4,0.7666666666666667,0.0,0.7066666666666667,0.0
coordinate_noise,loso_test_p4_val_p5,0.05,radar_stnet,5,0.7469558599695586,0.0004902625086273057,0.7070932958832181,0.0005115115560990975,p4,0.7666666666666667,0.0,0.7066666666666667,0.0
coordinate_noise,loso_test_p4_val_p5,0.08,radar_stnet,5,0.7548706240487062,0.0006612689192154615,0.7209033057738371,0.00078822315954289,p4,0.76,0.024944382578492984,0.7213030303030303,0.03402810376336047
coordinate_noise,loso_test_p4_val_p5,0.1,radar_stnet,5,0.7521993911719939,0.000797962534533814,0.7219960936012344,0.000780888848711903,p4,0.78,0.01632993161855452,0.7444285714285714,0.016796501093370348
strong_synthetic_clutter,loso_test_p4_val_p5,0.0,radar_stnet,1,0.7359969558599696,0.0,0.6923062660672386,0.0,p4,0.7666666666666667,0.0,0.7066666666666667,0.0
strong_synthetic_clutter,loso_test_p4_val_p5,0.1,radar_stnet,5,0.23277016742770168,0.0005742663464205032,0.14535483162921792,0.0008102085660279037,p4,0.2,0.0,0.12307692307692308,0.0
strong_synthetic_clutter,loso_test_p4_val_p5,0.2,radar_stnet,5,0.20341704718417047,0.0003507372487611269,0.11284454074730647,0.0007047047581285697,p4,0.2,0.0,0.10640394088669951,0.0
strong_synthetic_clutter,loso_test_p4_val_p5,0.4,radar_stnet,5,0.19942161339421616,0.00015106113577837658,0.10716772873585526,0.00020875993481647787,p4,0.2,0.0,0.11728078817733989,0.005438423645320195
strong_synthetic_clutter,loso_test_p4_val_p5,0.6,radar_stnet,5,0.1995433789954338,0.00019101827089818886,0.10832810028773265,0.00018262102311934723,p4,0.2,0.0,0.12,0.0
strong_synthetic_clutter,loso_test_p4_val_p5,0.8,radar_stnet,5,0.19969558599695586,5.38133014601654e-05,0.10941296016941901,0.0001556213035090898,p4,0.2,0.0,0.12,0.0
structured_realistic_clutter,loso_test_p4_val_p5,0.0,radar_stnet,1,0.7359969558599696,0.0,0.6923062660672386,0.0,p4,0.7666666666666667,0.0,0.7066666666666667,0.0
structured_realistic_clutter,loso_test_p4_val_p5,0.02,radar_stnet,5,0.677937595129376,0.0012846397165877015,0.6449651266379061,0.0010946484904350556,p4,0.6866666666666666,0.026666666666666658,0.6323809523809523,0.03594055308435121
structured_realistic_clutter,loso_test_p4_val_p5,0.05,radar_stnet,5,0.5157838660578388,0.02932813475716229,0.48440542728647984,0.018838248625179115,p4,0.5599999999999999,0.03265986323710903,0.5205367965367964,0.02890758045033112
structured_realistic_clutter,loso_test_p4_val_p5,0.1,radar_stnet,5,0.38205479452054797,0.06116188223642467,0.3242001569543811,0.062122054760524854,p4,0.4066666666666666,0.06463573143221772,0.3430538350538351,0.060012352654933515
structured_realistic_clutter,loso_test_p4_val_p5,0.15,radar_stnet,5,0.31040334855403345,0.044999251571897395,0.24551874823327707,0.034284842169081585,p4,0.34,0.09285592184789414,0.26564735264735273,0.07264535711667093
structured_realistic_clutter,loso_test_p4_val_p5,0.2,radar_stnet,5,0.25815068493150684,0.037209183071048355,0.19700638256009734,0.022929131902275565,p4,0.24666666666666667,0.04521553322083511,0.18351340816046696,0.024135094981884368
structured_realistic_clutter,loso_test_p4_val_p5,0.3,radar_stnet,5,0.1884246575342466,0.024072421499468796,0.11948074139038489,0.020048800983965165,p4,0.16666666666666669,0.0210818510677892,0.09378430393136275,0.020381129205402245
point_missing,loso_test_p5_val_p6,0.0,pointnet_gru,1,0.7767123287671233,0.0,0.7487113951187954,0.0,p5,0.7666666666666667,0.0,0.7066666666666667,0.0
point_missing,loso_test_p5_val_p6,0.1,pointnet_gru,5,0.777214611872146,0.00029514032617452093,0.7481622828713741,0.0004710504262018216,p5,0.7666666666666667,0.0,0.7066666666666667,0.0
point_missing,loso_test_p5_val_p6,0.2,pointnet_gru,5,0.778310502283105,0.0005800864231403089,0.7480002307104135,0.0005824487798321822,p5,0.7666666666666667,0.0,0.7066666666666667,0.0
point_missing,loso_test_p5_val_p6,0.3,pointnet_gru,5,0.7779756468797564,0.0008414170448149314,0.7465233582406336,0.0010928559218243866,p5,0.7666666666666667,0.0,0.7066666666666667,0.0
point_missing,loso_test_p5_val_p6,0.4,pointnet_gru,5,0.7779984779299849,0.0007799773500955225,0.7454509389323138,0.0007431001605524292,p5,0.7666666666666667,0.0,0.7066666666666667,0.0
point_missing,loso_test_p5_val_p6,0.5,pointnet_gru,5,0.7762252663622526,0.0005340275431612977,0.7427649930170925,0.0007566776862322243,p5,0.7666666666666667,0.0,0.7066666666666667,0.0
point_missing,loso_test_p5_val_p6,0.6,pointnet_gru,5,0.7710806697108067,0.0002917852285035238,0.7381215439717639,0.00010831261037777461,p5,0.7666666666666667,0.0,0.7066666666666667,0.0
point_missing,loso_test_p5_val_p6,0.7,pointnet_gru,5,0.7475646879756469,0.0007086212692228434,0.716623054978571,0.001082464691920204,p5,0.8,0.0,0.7333333333333333,0.0
coordinate_noise,loso_test_p5_val_p6,0.0,pointnet_gru,1,0.7767123287671233,0.0,0.7487113951187954,0.0,p5,0.7666666666666667,0.0,0.7066666666666667,0.0
coordinate_noise,loso_test_p5_val_p6,0.01,pointnet_gru,5,0.776697108066971,0.00020786149594746058,0.7486829370736088,0.000259495289785515,p5,0.7666666666666667,0.0,0.7066666666666667,0.0
coordinate_noise,loso_test_p5_val_p6,0.02,pointnet_gru,5,0.7759208523592085,0.0005033198101608943,0.7477783471888936,0.0006665421111598764,p5,0.7666666666666667,0.0,0.7066666666666667,0.0
coordinate_noise,loso_test_p5_val_p6,0.05,pointnet_gru,5,0.7636149162861492,0.000489316511588364,0.732852549259187,0.00045730208758064053,p5,0.7666666666666667,0.0,0.7095454545454545,0.0
coordinate_noise,loso_test_p5_val_p6,0.08,pointnet_gru,5,0.7243607305936074,0.0008820786424831448,0.6862789841043206,0.0012361342743819382,p5,0.7666666666666667,0.0,0.7261538461538461,0.0
coordinate_noise,loso_test_p5_val_p6,0.1,pointnet_gru,5,0.6704870624048705,0.0008537849567325564,0.6239210994754739,0.0011123786629657802,p5,0.7,0.0,0.6166666666666666,0.0
strong_synthetic_clutter,loso_test_p5_val_p6,0.0,pointnet_gru,1,0.7767123287671233,0.0,0.7487113951187954,0.0,p5,0.7666666666666667,0.0,0.7066666666666667,0.0
strong_synthetic_clutter,loso_test_p5_val_p6,0.1,pointnet_gru,5,0.1641324200913242,0.000993901230886723,0.11044713469609291,0.0011280220006077704,p5,0.1,0.0,0.01818181818181818,0.0
strong_synthetic_clutter,loso_test_p5_val_p6,0.2,pointnet_gru,5,0.10383561643835618,0.00046066197718178066,0.025747797633648605,0.0008924547487424867,p5,0.1,0.0,0.01818181818181818,0.0
strong_synthetic_clutter,loso_test_p5_val_p6,0.4,pointnet_gru,5,0.1,0.0,0.018181943977080103,2.5159052384343685e-07,p5,0.1,0.0,0.01818181818181818,0.0
strong_synthetic_clutter,loso_test_p5_val_p6,0.6,pointnet_gru,5,0.1,0.0,0.01818181818181818,0.0,p5,0.1,0.0,0.01818181818181818,0.0
strong_synthetic_clutter,loso_test_p5_val_p6,0.8,pointnet_gru,5,0.1,0.0,0.01818181818181818,0.0,p5,0.1,0.0,0.01818181818181818,0.0
structured_realistic_clutter,loso_test_p5_val_p6,0.0,pointnet_gru,1,0.7767123287671233,0.0,0.7487113951187954,0.0,p5,0.7666666666666667,0.0,0.7066666666666667,0.0
structured_realistic_clutter,loso_test_p5_val_p6,0.02,pointnet_gru,5,0.6742085235920852,0.0013688902346786337,0.6035672937496737,0.001976593688488206,p5,0.7,0.0,0.6123463203463203,0.0044926139126342905
structured_realistic_clutter,loso_test_p5_val_p6,0.05,pointnet_gru,5,0.5180060882800609,0.02748424378854944,0.44994219815151465,0.02701979175219011,p5,0.6066666666666667,0.038873012632301994,0.5176217116217116,0.041580584472141614
structured_realistic_clutter,loso_test_p5_val_p6,0.1,pointnet_gru,5,0.31022070015220693,0.026497274014277816,0.244261401065872,0.028152219618730625,p5,0.33999999999999997,0.04422166387140534,0.27047512119056066,0.0451244534360288
structured_realistic_clutter,loso_test_p5_val_p6,0.15,pointnet_gru,5,0.23641552511415523,0.02647523647681534,0.1801999068597296,0.03268250732619278,p5,0.22000000000000003,0.033993463423951896,0.16005499814195465,0.034455249851637386
structured_realistic_clutter,loso_test_p5_val_p6,0.2,pointnet_gru,5,0.194558599695586,0.027924789765658646,0.14143792648990788,0.028203737113821667,p5,0.1733333333333333,0.03887301263230201,0.10815444212196157,0.03860387301408758
structured_realistic_clutter,loso_test_p5_val_p6,0.3,pointnet_gru,5,0.1441476407914764,0.021554835779176478,0.08574097075125267,0.02767135318264071,p5,0.12666666666666665,0.024944382578492935,0.055999999999999994,0.03136877428271625
point_missing,loso_test_p5_val_p6,0.0,pointnet_tcn,1,0.8784627092846271,0.0,0.8571263242443266,0.0,p5,0.9,0.0,0.8666666666666666,0.0
point_missing,loso_test_p5_val_p6,0.1,pointnet_tcn,5,0.8734474885844747,0.00015106113577834467,0.8512582092114052,0.00016398789588650283,p5,0.9,0.0,0.8666666666666666,0.0
point_missing,loso_test_p5_val_p6,0.2,pointnet_tcn,5,0.8670015220700152,0.0003964692930785652,0.8444710163465275,0.0004195790550526309,p5,0.9,0.0,0.8666666666666666,0.0
point_missing,loso_test_p5_val_p6,0.3,pointnet_tcn,5,0.8577549467275494,0.0004893165115883715,0.8355426390802103,0.0005857531831426963,p5,0.9,0.0,0.8666666666666666,0.0
point_missing,loso_test_p5_val_p6,0.4,pointnet_tcn,5,0.8442770167427701,0.000398799771889631,0.8229758869103456,0.0004912596245596376,p5,0.9,0.0,0.8666666666666666,0.0
point_missing,loso_test_p5_val_p6,0.5,pointnet_tcn,5,0.8225266362252663,0.0005450838532562956,0.802617145596462,0.0006918216946470919,p5,0.9,0.0,0.8666666666666666,0.0
point_missing,loso_test_p5_val_p6,0.6,pointnet_tcn,5,0.7831735159817352,0.0008169702831244743,0.7645869902070043,0.0007904972560576308,p5,0.8,0.0,0.75,0.0
point_missing,loso_test_p5_val_p6,0.7,pointnet_tcn,5,0.7112709284627093,0.0007281319512855422,0.6922203677514659,0.0008617860416926529,p5,0.78,0.01632993161855452,0.7294285714285714,0.0167965010933704
coordinate_noise,loso_test_p5_val_p6,0.0,pointnet_tcn,1,0.8784627092846271,0.0,0.8571263242443266,0.0,p5,0.9,0.0,0.8666666666666666,0.0
coordinate_noise,loso_test_p5_val_p6,0.01,pointnet_tcn,5,0.8786225266362251,0.00046876297091126497,0.8572507036315052,0.0004789180619613013,p5,0.9,0.0,0.8666666666666666,0.0
coordinate_noise,loso_test_p5_val_p6,0.02,pointnet_tcn,5,0.8786834094368341,0.00034741894095932245,0.8571111395381671,0.00031949565163349726,p5,0.9,0.0,0.8666666666666666,0.0
coordinate_noise,loso_test_p5_val_p6,0.05,pointnet_tcn,5,0.8707762557077625,0.0006102532784392363,0.8469392536657352,0.0006560982682250768,p5,0.9,0.0,0.8666666666666666,0.0
coordinate_noise,loso_test_p5_val_p6,0.08,pointnet_tcn,5,0.8212861491628616,0.00018734449962087702,0.7878015018133642,0.0004159991204853407,p5,0.8666666666666668,1.1102230246251565e-16,0.8323809523809524,0.0
coordinate_noise,loso_test_p5_val_p6,0.1,pointnet_tcn,5,0.7789269406392695,0.0005872311027050089,0.7328097837446458,0.0008314477069164517,p5,0.8,0.0,0.7333333333333333,0.0
strong_synthetic_clutter,loso_test_p5_val_p6,0.0,pointnet_tcn,1,0.8784627092846271,0.0,0.8571263242443266,0.0,p5,0.9,0.0,0.8666666666666666,0.0
strong_synthetic_clutter,loso_test_p5_val_p6,0.1,pointnet_tcn,5,0.16816590563165906,0.0003287459827466562,0.10640900690047272,0.00038810524677723534,p5,0.13333333333333333,0.0,0.0706896551724138,0.0
strong_synthetic_clutter,loso_test_p5_val_p6,0.2,pointnet_tcn,5,0.10213089802130897,0.00010490143646948801,0.022413304194471715,0.00020637664543563013,p5,0.1,0.0,0.01818181818181818,0.0
strong_synthetic_clutter,loso_test_p5_val_p6,0.4,pointnet_tcn,5,0.1,0.0,0.01818181818181818,0.0,p5,0.1,0.0,0.01818181818181818,0.0
strong_synthetic_clutter,loso_test_p5_val_p6,0.6,pointnet_tcn,5,0.1,0.0,0.01818181818181818,0.0,p5,0.1,0.0,0.01818181818181818,0.0
strong_synthetic_clutter,loso_test_p5_val_p6,0.8,pointnet_tcn,5,0.1,0.0,0.01818181818181818,0.0,p5,0.1,0.0,0.01818181818181818,0.0
structured_realistic_clutter,loso_test_p5_val_p6,0.0,pointnet_tcn,1,0.8784627092846271,0.0,0.8571263242443266,0.0,p5,0.9,0.0,0.8666666666666666,0.0
structured_realistic_clutter,loso_test_p5_val_p6,0.02,pointnet_tcn,5,0.765654490106545,0.002394129530172161,0.70341961001358,0.003146405951063278,p5,0.8,0.0,0.7285714285714286,0.0023809523809523283
structured_realistic_clutter,loso_test_p5_val_p6,0.05,pointnet_tcn,5,0.5436910197869101,0.028365872760337647,0.48960666873046377,0.02834499137460603,p5,0.6,0.04714045207910316,0.5272668442668442,0.04981953400892489
structured_realistic_clutter,loso_test_p5_val_p6,0.1,pointnet_tcn,5,0.26988584474885846,0.0460602919648695,0.21984608369608813,0.04269477702915673,p5,0.2866666666666667,0.0581186525805423,0.21753535353535353,0.04927953104542082
structured_realistic_clutter,loso_test_p5_val_p6,0.15,pointnet_tcn,5,0.22505327245053275,0.02585340877479861,0.1740092554960372,0.026601477981473422,p5,0.21333333333333332,0.033993463423951896,0.15681751871317087,0.025364409213879294
structured_realistic_clutter,loso_test_p5_val_p6,0.2,pointnet_tcn,5,0.18134703196347032,0.015570102989263594,0.13375583032132274,0.02131462273478866,p5,0.15333333333333332,0.04,0.09624904214559386,0.04633165790607661
structured_realistic_clutter,loso_test_p5_val_p6,0.3,pointnet_tcn,5,0.14968036529680367,0.016240308749568524,0.08967965662718705,0.02133893091500759,p5,0.13333333333333333,0.02108185106778919,0.06587096774193549,0.02873351674249533
point_missing,loso_test_p5_val_p6,0.0,robhar_like,1,0.7526636225266362,0.0,0.7373971842242475,0.0,p5,0.8,0.0,0.7633333333333333,0.0
point_missing,loso_test_p5_val_p6,0.1,robhar_like,5,0.7537138508371385,0.0005270407821364206,0.7373681113645266,0.0006328216976185361,p5,0.8,0.0,0.7633333333333333,0.0
point_missing,loso_test_p5_val_p6,0.2,robhar_like,5,0.754337899543379,0.00011028445012321132,0.7371005044099136,9.256443009835822e-05,p5,0.8,0.0,0.7633333333333333,0.0
point_missing,loso_test_p5_val_p6,0.3,robhar_like,5,0.7563013698630138,0.0012520355880922085,0.7381155180519748,0.0013262828863814951,p5,0.8,0.0,0.7633333333333333,0.0
point_missing,loso_test_p5_val_p6,0.4,robhar_like,5,0.7573896499238965,0.0007481403791442393,0.7377372732881637,0.0010229160294248651,p5,0.8,0.0,0.7633333333333333,0.0
point_missing,loso_test_p5_val_p6,0.5,robhar_like,5,0.7558980213089802,0.0007919884773666679,0.7339570784294585,0.0008242212772912354,p5,0.8,0.0,0.7633333333333333,0.0
point_missing,loso_test_p5_val_p6,0.6,robhar_like,5,0.7550228310502283,0.0008539206181231642,0.7299415339558337,0.0010665939540412898,p5,0.7666666666666667,0.0,0.7066666666666667,4.965068306494546e-17
point_missing,loso_test_p5_val_p6,0.7,robhar_like,5,0.7469634703196347,0.0004568746124750131,0.7163212917271174,0.00046381163616617617,p5,0.7933333333333333,0.013333333333333332,0.732012987012987,0.011477389830222402
coordinate_noise,loso_test_p5_val_p6,0.0,robhar_like,1,0.7526636225266362,0.0,0.7373971842242475,0.0,p5,0.8,0.0,0.7633333333333333,0.0
coordinate_noise,loso_test_p5_val_p6,0.01,robhar_like,5,0.7530517503805175,0.00023258305616341983,0.7377090063210996,0.0002185373372827727,p5,0.8,0.0,0.7633333333333333,0.0
coordinate_noise,loso_test_p5_val_p6,0.02,robhar_like,5,0.75279299847793,0.000289393505963961,0.7372885849352924,0.0003163202294563629,p5,0.8,0.0,0.7633333333333333,0.0
coordinate_noise,loso_test_p5_val_p6,0.05,robhar_like,5,0.7462252663622526,0.0007691349767502386,0.7307523909789256,0.0009111017373974413,p5,0.8,0.0,0.7633333333333333,0.0
coordinate_noise,loso_test_p5_val_p6,0.08,robhar_like,5,0.7189649923896498,0.0005788870701898723,0.7021767646958322,0.0005959716591079083,p5,0.8,0.0,0.7633333333333333,0.0
coordinate_noise,loso_test_p5_val_p6,0.1,robhar_like,5,0.6857458143074582,0.000652274043750895,0.6664674846911256,0.0005967220622097582,p5,0.8066666666666666,0.01333333333333333,0.7709999999999999,0.015333333333333287
strong_synthetic_clutter,loso_test_p5_val_p6,0.0,robhar_like,1,0.7526636225266362,0.0,0.7373971842242475,0.0,p5,0.8,0.0,0.7633333333333333,0.0
strong_synthetic_clutter,loso_test_p5_val_p6,0.1,robhar_like,5,0.22454337899543378,0.000526711003744239,0.15023942473270066,0.00034853554936775286,p5,0.26666666666666666,0.0,0.174,0.0
strong_synthetic_clutter,loso_test_p5_val_p6,0.2,robhar_like,5,0.11886605783866058,0.0005521569907828638,0.05089154395660106,0.0008596906725042628,p5,0.1,0.0,0.01818181818181818,0.0
strong_synthetic_clutter,loso_test_p5_val_p6,0.4,robhar_like,5,0.10088280060882801,0.0001823310281691163,0.019949960885506164,0.00036091208274032605,p5,0.1,0.0,0.01818181818181818,0.0
strong_synthetic_clutter,loso_test_p5_val_p6,0.6,robhar_like,5,0.1000076103500761,1.5220700152207555e-05,0.018197158887692504,3.068141174864397e-05,p5,0.1,0.0,0.01818181818181818,0.0
strong_synthetic_clutter,loso_test_p5_val_p6,0.8,robhar_like,5,0.1,0.0,0.01818181818181818,0.0,p5,0.1,0.0,0.01818181818181818,0.0
structured_realistic_clutter,loso_test_p5_val_p6,0.0,robhar_like,1,0.7526636225266362,0.0,0.7373971842242475,0.0,p5,0.8,0.0,0.7633333333333333,0.0
structured_realistic_clutter,loso_test_p5_val_p6,0.02,robhar_like,5,0.6312557077625571,0.0009842392521259553,0.5866434904527168,0.0010135737427739305,p5,0.6333333333333333,0.0,0.5573260073260073,0.004395604395604381
structured_realistic_clutter,loso_test_p5_val_p6,0.05,robhar_like,5,0.47541095890410956,0.041310087821041105,0.42002481203308434,0.04021847734462364,p5,0.48666666666666664,0.06863753427324668,0.3974935554641437,0.06730014980748401
structured_realistic_clutter,loso_test_p5_val_p6,0.1,robhar_like,5,0.2996042617960426,0.0382795283058897,0.22335176917618033,0.03369257780399063,p5,0.32666666666666666,0.06463573143221772,0.23216916416916417,0.050190113167940704
structured_realistic_clutter,loso_test_p5_val_p6,0.15,robhar_like,5,0.24916286149162864,0.03232206258391491,0.17960823310707838,0.03490257671275841,p5,0.26,0.044221663871405324,0.1807033522033522,0.037840778471495244
structured_realistic_clutter,loso_test_p5_val_p6,0.2,robhar_like,5,0.21590563165905632,0.033059451830422956,0.1538138319990091,0.03395765097367404,p5,0.2,0.0210818510677892,0.13514828961887787,0.015900753864986277
structured_realistic_clutter,loso_test_p5_val_p6,0.3,robhar_like,5,0.17655251141552514,0.03742353880720699,0.11444471739530507,0.03739413539812555,p5,0.15333333333333332,0.05811865258054232,0.08729523809523809,0.05490843666717857
point_missing,loso_test_p5_val_p6,0.0,pct_gru,1,0.8406012176560121,0.0,0.8344901107041395,0.0,p5,0.9333333333333333,0.0,0.925,0.0
point_missing,loso_test_p5_val_p6,0.1,pct_gru,5,0.8357914764079147,0.0009424551342717372,0.8295823529524995,0.0011332297875616057,p5,0.9,0.0,0.8907142857142857,0.0
point_missing,loso_test_p5_val_p6,0.2,pct_gru,5,0.831095890410959,0.0010521567013330854,0.8243174283303001,0.0011155120820471932,p5,0.9,0.0,0.8907142857142857,0.0
point_missing,loso_test_p5_val_p6,0.3,pct_gru,5,0.824193302891933,0.0005505813469615042,0.8166699845891051,0.0006290926498110502,p5,0.9,0.0,0.8907142857142857,0.0
point_missing,loso_test_p5_val_p6,0.4,pct_gru,5,0.8148325722983257,0.0009588437080829068,0.8060311051218643,0.0011566170651764367,p5,0.9,0.0,0.8907142857142857,0.0
point_missing,loso_test_p5_val_p6,0.5,pct_gru,5,0.8014687975646879,0.0005187334303790743,0.7907887664487321,0.0007173564076109535,p5,0.9,0.0,0.8907142857142857,0.0
point_missing,loso_test_p5_val_p6,0.6,pct_gru,5,0.782503805175038,0.0011922773837178802,0.7680589216592426,0.0015175904231208332,p5,0.8933333333333333,0.013333333333333332,0.8825714285714286,0.016285714285714282
point_missing,loso_test_p5_val_p6,0.7,pct_gru,5,0.747420091324201,0.00038909659151186246,0.7234566322927265,0.0008558277283192701,p5,0.7333333333333333,0.0,0.6712121212121211,0.0
coordinate_noise,loso_test_p5_val_p6,0.0,pct_gru,1,0.8406012176560121,0.0,0.8344901107041395,0.0,p5,0.9333333333333333,0.0,0.925,0.0
coordinate_noise,loso_test_p5_val_p6,0.01,pct_gru,5,0.8403272450532725,0.0004498483015565019,0.8343051525769299,0.0004464478304720672,p5,0.9266666666666665,0.013333333333333329,0.9181428571428573,0.013714285714285747
coordinate_noise,loso_test_p5_val_p6,0.02,pct_gru,5,0.8394063926940639,0.00045445962334346397,0.8334989506683044,0.00044157366896495435,p5,0.9266666666666665,0.013333333333333329,0.9181428571428573,0.013714285714285747
coordinate_noise,loso_test_p5_val_p6,0.05,pct_gru,5,0.8288584474885845,0.0009307056770904382,0.8233447220320775,0.0010261347273719142,p5,0.9333333333333333,0.0,0.925,0.0
coordinate_noise,loso_test_p5_val_p6,0.08,pct_gru,5,0.8004033485540335,0.0005204055098105924,0.7917865764821027,0.0005821007161135189,p5,0.8666666666666668,1.1102230246251565e-16,0.85,0.0
coordinate_noise,loso_test_p5_val_p6,0.1,pct_gru,5,0.7729984779299848,0.00042208294136562933,0.7588477162840748,0.00032514427200424403,p5,0.8,0.0,0.7607142857142858,0.0
strong_synthetic_clutter,loso_test_p5_val_p6,0.0,pct_gru,1,0.8406012176560121,0.0,0.8344901107041395,0.0,p5,0.9333333333333333,0.0,0.925,0.0
strong_synthetic_clutter,loso_test_p5_val_p6,0.1,pct_gru,5,0.30707001522070015,0.000860137912697475,0.2463770528514015,0.0013506756330655594,p5,0.3,0.0,0.19166666666666665,0.0
strong_synthetic_clutter,loso_test_p5_val_p6,0.2,pct_gru,5,0.22334855403348555,0.00042956364662618255,0.1516510841172944,0.0006660067818141144,p5,0.2,0.0,0.12,0.0
strong_synthetic_clutter,loso_test_p5_val_p6,0.4,pct_gru,5,0.1999467275494673,0.0001352845421204773,0.12075622819110998,0.00028757354583479274,p5,0.2,0.0,0.12,0.0
strong_synthetic_clutter,loso_test_p5_val_p6,0.6,pct_gru,5,0.1978462709284627,8.875117039337632e-05,0.11886989525709664,4.6422176517991234e-05,p5,0.2,0.0,0.12,0.0
strong_synthetic_clutter,loso_test_p5_val_p6,0.8,pct_gru,5,0.19619482496194823,0.00017847852967364352,0.1179846133228561,9.623335449818791e-05,p5,0.2,0.0,0.12,0.0
structured_realistic_clutter,loso_test_p5_val_p6,0.0,pct_gru,1,0.8406012176560121,0.0,0.8344901107041395,0.0,p5,0.9333333333333333,0.0,0.925,0.0
structured_realistic_clutter,loso_test_p5_val_p6,0.02,pct_gru,5,0.8357686453576865,0.000938266971532603,0.829923766076529,0.0012516505247112634,p5,0.8933333333333333,0.013333333333333332,0.8838571428571429,0.01371428571428579
structured_realistic_clutter,loso_test_p5_val_p6,0.05,pct_gru,5,0.7665525114155252,0.015049262824119648,0.7550593657896589,0.023823842203663927,p5,0.8400000000000001,0.02494438257849294,0.8277142857142857,0.03520706484451651
structured_realistic_clutter,loso_test_p5_val_p6,0.1,pct_gru,5,0.5283866057838661,0.03393587283310827,0.4925060418967749,0.03439620410114751,p5,0.5666666666666667,0.04714045207910316,0.5084531024531025,0.06236267846215232
structured_realistic_clutter,loso_test_p5_val_p6,0.15,pct_gru,5,0.44968036529680366,0.04979475142842633,0.3993112229096745,0.04938007451595281,p5,0.48666666666666664,0.04521553322083511,0.4121996336996337,0.05859115610204425
structured_realistic_clutter,loso_test_p5_val_p6,0.2,pct_gru,5,0.41369863013698627,0.05826093050251344,0.3630741759557296,0.0600997282981282,p5,0.44666666666666666,0.09333333333333332,0.3784357015533486,0.09882151478701452
structured_realistic_clutter,loso_test_p5_val_p6,0.3,pct_gru,5,0.35238203957382036,0.02995858168388774,0.29082306687747606,0.03263087395046091,p5,0.3733333333333333,0.03265986323710905,0.30105821371610847,0.045939947033532026
point_missing,loso_test_p5_val_p6,0.0,dgcnn_gru,1,0.8220700152207001,0.0,0.8237924062939067,0.0,p5,0.9,0.0,0.8966666666666667,0.0
point_missing,loso_test_p5_val_p6,0.1,dgcnn_gru,5,0.8078310502283104,0.0008396944515066785,0.8091521188192715,0.0007534089791089292,p5,0.8333333333333334,0.0,0.8145454545454545,0.0
point_missing,loso_test_p5_val_p6,0.2,dgcnn_gru,5,0.7952359208523592,0.0005067601770041735,0.7955155811255518,0.00045879960775025244,p5,0.8333333333333334,0.0,0.8145454545454545,0.0
point_missing,loso_test_p5_val_p6,0.3,dgcnn_gru,5,0.7782039573820396,0.0009585416434602089,0.7767761117262446,0.0007922376382917165,p5,0.8333333333333334,0.0,0.8145454545454545,0.0
point_missing,loso_test_p5_val_p6,0.4,dgcnn_gru,5,0.7599391171993912,0.001059835177788887,0.7549385795035154,0.0013542694873901681,p5,0.78,0.01632993161855452,0.7476923076923077,0.02637912030689578
point_missing,loso_test_p5_val_p6,0.5,dgcnn_gru,5,0.737275494672755,0.0013217931538331055,0.7262657374811893,0.0016097852543623767,p5,0.7333333333333333,0.0,0.7028571428571428,0.0
point_missing,loso_test_p5_val_p6,0.6,dgcnn_gru,5,0.7160426179604261,0.00048047775091827004,0.692972326268969,0.00037705258683470985,p5,0.7333333333333333,0.0,0.7028571428571428,0.0
point_missing,loso_test_p5_val_p6,0.7,dgcnn_gru,5,0.6413850837138508,0.0008896626185729322,0.5942792858445805,0.0010389577551064,p5,0.5666666666666667,0.0,0.4628205128205128,0.0
coordinate_noise,loso_test_p5_val_p6,0.0,dgcnn_gru,1,0.8220700152207001,0.0,0.8237924062939067,0.0,p5,0.9,0.0,0.8966666666666667,0.0
coordinate_noise,loso_test_p5_val_p6,0.01,dgcnn_gru,5,0.8212557077625571,0.00030875894634854343,0.8229499722860936,0.0002986647177480372,p5,0.9,0.0,0.8966666666666667,0.0
coordinate_noise,loso_test_p5_val_p6,0.02,dgcnn_gru,5,0.8193226788432268,0.0006099684903961513,0.8209166749856218,0.0006660637959387682,p5,0.9,0.0,0.8966666666666667,0.0
coordinate_noise,loso_test_p5_val_p6,0.05,dgcnn_gru,5,0.8044063926940639,0.000968160967658398,0.8041187639283626,0.0009831830354861655,p5,0.8933333333333333,0.013333333333333332,0.8893333333333333,0.014666666666666694
coordinate_noise,loso_test_p5_val_p6,0.08,dgcnn_gru,5,0.7633028919330289,0.0006719555572189708,0.7544093724425199,0.0005141224920513205,p5,0.8533333333333335,0.016329931618554516,0.8378181818181817,0.02716706805632256
coordinate_noise,loso_test_p5_val_p6,0.1,dgcnn_gru,5,0.7064459665144597,0.000771841089406873,0.6879600160825841,0.0007651302702609132,p5,0.7666666666666667,0.0,0.7357142857142858,0.0
strong_synthetic_clutter,loso_test_p5_val_p6,0.0,dgcnn_gru,1,0.8220700152207001,0.0,0.8237924062939067,0.0,p5,0.9,0.0,0.8966666666666667,0.0
strong_synthetic_clutter,loso_test_p5_val_p6,0.1,dgcnn_gru,5,0.16701674277016743,0.0004191914567403436,0.09875435749163441,0.0004922406966382605,p5,0.2,0.0,0.12,0.0
strong_synthetic_clutter,loso_test_p5_val_p6,0.2,dgcnn_gru,5,0.10458143074581432,0.00016428487933731352,0.02701635217690105,0.00030315476135684983,p5,0.1,0.0,0.01818181818181818,0.0
strong_synthetic_clutter,loso_test_p5_val_p6,0.4,dgcnn_gru,5,0.1,0.0,0.01818181818181818,0.0,p5,0.1,0.0,0.01818181818181818,0.0
strong_synthetic_clutter,loso_test_p5_val_p6,0.6,dgcnn_gru,5,0.1,0.0,0.01818181818181818,0.0,p5,0.1,0.0,0.01818181818181818,0.0
strong_synthetic_clutter,loso_test_p5_val_p6,0.8,dgcnn_gru,5,0.1,0.0,0.01818181818181818,0.0,p5,0.1,0.0,0.01818181818181818,0.0
structured_realistic_clutter,loso_test_p5_val_p6,0.0,dgcnn_gru,1,0.8220700152207001,0.0,0.8237924062939067,0.0,p5,0.9,0.0,0.8966666666666667,0.0
structured_realistic_clutter,loso_test_p5_val_p6,0.02,dgcnn_gru,5,0.7119710806697108,0.0016587420980701205,0.6825585584018945,0.0013486066563029293,p5,0.7733333333333334,0.01333333333333333,0.7243333333333333,0.015333333333333378
structured_realistic_clutter,loso_test_p5_val_p6,0.05,dgcnn_gru,5,0.5477321156773212,0.03341140090543686,0.5076072502486567,0.03774371168630199,p5,0.5866666666666667,0.04521553322083511,0.5274761904761904,0.060647560930362
structured_realistic_clutter,loso_test_p5_val_p6,0.1,dgcnn_gru,5,0.2384322678843227,0.01714112042837803,0.1694009249311704,0.01301500109096508,p5,0.22666666666666666,0.032659863237109045,0.13684076792772445,0.025032271918838167
structured_realistic_clutter,loso_test_p5_val_p6,0.15,dgcnn_gru,5,0.1860882800608828,0.014617432193045272,0.11053235499711414,0.013547505807554603,p5,0.18666666666666668,0.026666666666666672,0.09876092796092795,0.031227748664314412
structured_realistic_clutter,loso_test_p5_val_p6,0.2,dgcnn_gru,5,0.1602130898021309,0.010191779003434955,0.08668692403057053,0.005292156689356159,p5,0.15999999999999998,0.024944382578492946,0.08420142309797482,0.0210161308066078
structured_realistic_clutter,loso_test_p5_val_p6,0.3,dgcnn_gru,5,0.13310502283105025,0.01264342343968285,0.06258180712390926,0.013178021522519854,p5,0.12,0.016329931618554516,0.044425565443084916,0.02133776578688881
point_missing,loso_test_p5_val_p6,0.0,radar_stnet,1,0.9570776255707762,0.0,0.9558828665839805,0.0,p5,1.0,0.0,1.0,0.0
point_missing,loso_test_p5_val_p6,0.1,radar_stnet,5,0.9585464231354642,0.000357443487543887,0.9574688195620518,0.0003880436963882123,p5,1.0,0.0,1.0,0.0
point_missing,loso_test_p5_val_p6,0.2,radar_stnet,5,0.9604642313546423,0.0004902625086273057,0.9595693881481464,0.0005174956338060187,p5,1.0,0.0,1.0,0.0
point_missing,loso_test_p5_val_p6,0.3,radar_stnet,5,0.962640791476408,0.00036131133852266824,0.9619282760164859,0.00037600871145121987,p5,1.0,0.0,1.0,0.0
point_missing,loso_test_p5_val_p6,0.4,radar_stnet,5,0.9634170471841704,0.00023530631405998279,0.9628835512669843,0.0002475995173920789,p5,1.0,0.0,1.0,0.0
point_missing,loso_test_p5_val_p6,0.5,radar_stnet,5,0.9630974124809741,0.00024114124075731258,0.9628000339420139,0.00022592424279869433,p5,1.0,0.0,1.0,0.0
point_missing,loso_test_p5_val_p6,0.6,radar_stnet,5,0.9576864535768645,0.0009367224981043461,0.9577647203718567,0.0009431357691323055,p5,1.0,0.0,1.0,0.0
point_missing,loso_test_p5_val_p6,0.7,radar_stnet,5,0.9339421613394217,0.0007147249243149907,0.9346072970989671,0.0006800906077871261,p5,1.0,0.0,1.0,0.0
coordinate_noise,loso_test_p5_val_p6,0.0,radar_stnet,1,0.9570776255707762,0.0,0.9558828665839805,0.0,p5,1.0,0.0,1.0,0.0
coordinate_noise,loso_test_p5_val_p6,0.01,radar_stnet,5,0.956400304414003,0.00013269098762681378,0.9551728002726128,0.0001367431080758526,p5,1.0,0.0,1.0,0.0
coordinate_noise,loso_test_p5_val_p6,0.02,radar_stnet,5,0.9545662100456621,0.00020562033616600896,0.9533171380340624,0.00022311356658556136,p5,0.9800000000000001,0.01632993161855452,0.9794285714285715,0.016796501093370293
coordinate_noise,loso_test_p5_val_p6,0.05,radar_stnet,5,0.9408675799086756,0.00015596576508310458,0.939342046457799,0.00015680998932906265,p5,0.9666666666666666,1.1102230246251565e-16,0.9657142857142859,0.0
coordinate_noise,loso_test_p5_val_p6,0.08,radar_stnet,5,0.9184931506849315,0.0006064451084668472,0.9162732526826401,0.0006374005996136274,p5,0.9666666666666666,1.1102230246251565e-16,0.9657142857142859,0.0
coordinate_noise,loso_test_p5_val_p6,0.1,radar_stnet,5,0.8881202435312024,0.00034658439990064275,0.8838255044544787,0.00035544852730823214,p5,0.9666666666666666,1.1102230246251565e-16,0.9657142857142859,0.0
strong_synthetic_clutter,loso_test_p5_val_p6,0.0,radar_stnet,1,0.9570776255707762,0.0,0.9558828665839805,0.0,p5,1.0,0.0,1.0,0.0
strong_synthetic_clutter,loso_test_p5_val_p6,0.1,radar_stnet,5,0.20942161339421617,0.0002697114938610246,0.127647472309933,0.0004653265340690345,p5,0.2,0.0,0.12,0.0
strong_synthetic_clutter,loso_test_p5_val_p6,0.2,radar_stnet,5,0.2000152207001522,3.0441400304415113e-05,0.11519177200466586,0.0003386491953610633,p5,0.2,0.0,0.12,0.0
strong_synthetic_clutter,loso_test_p5_val_p6,0.4,radar_stnet,5,0.2,0.0,0.1196289367851678,4.945448863621999e-05,p5,0.2,0.0,0.12,0.0
strong_synthetic_clutter,loso_test_p5_val_p6,0.6,radar_stnet,5,0.19992389649923897,4.168360407193197e-05,0.11989106560289478,3.6044317329873196e-05,p5,0.2,0.0,0.12,0.0
strong_synthetic_clutter,loso_test_p5_val_p6,0.8,radar_stnet,5,0.1991248097412481,8.677134133174882e-05,0.11953932170983254,4.60814412757709e-05,p5,0.2,0.0,0.12,0.0
structured_realistic_clutter,loso_test_p5_val_p6,0.0,radar_stnet,1,0.9570776255707762,0.0,0.9558828665839805,0.0,p5,1.0,0.0,1.0,0.0
structured_realistic_clutter,loso_test_p5_val_p6,0.02,radar_stnet,5,0.9226255707762558,0.0024047502041022084,0.9139872574745018,0.003040356939975057,p5,0.9666666666666666,1.1102230246251565e-16,0.9657142857142859,0.0
structured_realistic_clutter,loso_test_p5_val_p6,0.05,radar_stnet,5,0.7902130898021309,0.018718218773556054,0.7644580602011165,0.017532964610136797,p5,0.8266666666666668,0.024944382578492942,0.7902857142857143,0.02488677307171227
structured_realistic_clutter,loso_test_p5_val_p6,0.1,radar_stnet,5,0.49614916286149163,0.05725698556769161,0.46119447000466707,0.07045139556126595,p5,0.5533333333333333,0.08589399151150082,0.5114456654456654,0.11191190865698636
structured_realistic_clutter,loso_test_p5_val_p6,0.15,radar_stnet,5,0.38395738203957386,0.06724320578205197,0.3424490648430213,0.08769655649919612,p5,0.38,0.0618241233033047,0.3267161531279178,0.07684505104130551
structured_realistic_clutter,loso_test_p5_val_p6,0.2,radar_stnet,5,0.3271537290715373,0.050440896236765134,0.2814089162593218,0.07323313831672085,p5,0.31333333333333335,0.04521553322083511,0.25100569539791506,0.060651679017028344
structured_realistic_clutter,loso_test_p5_val_p6,0.3,radar_stnet,5,0.26382800608828005,0.03794701415372313,0.20244451554144197,0.05603722985529375,p5,0.2533333333333333,0.04521553322083511,0.1871018315018315,0.06765701295905173
point_missing,loso_test_p6_val_p7,0.0,pointnet_gru,1,0.8931887366818874,0.0,0.861433413256316,0.0,p6,0.9,0.0,0.8666666666666666,0.0
point_missing,loso_test_p6_val_p7,0.1,pointnet_gru,5,0.8930060882800609,0.00011132982373157021,0.8613044483751517,0.00013039221887661568,p6,0.9,0.0,0.8666666666666666,0.0
point_missing,loso_test_p6_val_p7,0.2,pointnet_gru,5,0.8926103500761036,0.00015854388627093165,0.8610807564111344,0.00011680939158431269,p6,0.9,0.0,0.8666666666666666,0.0
point_missing,loso_test_p6_val_p7,0.3,pointnet_gru,5,0.8916362252663623,0.0002748168962749812,0.8604863056268508,0.00019408469273036078,p6,0.9,0.0,0.8666666666666666,0.0
point_missing,loso_test_p6_val_p7,0.4,pointnet_gru,5,0.890441400304414,0.00022109344058347764,0.8596607359200255,0.00017729301992473924,p6,0.9,0.0,0.8666666666666666,0.0
point_missing,loso_test_p6_val_p7,0.5,pointnet_gru,5,0.8883637747336378,0.00033032776886164156,0.8582107203994982,0.00023362723663129426,p6,0.9,0.0,0.8666666666666666,0.0
point_missing,loso_test_p6_val_p7,0.6,pointnet_gru,5,0.8846575342465753,0.0004354556925698779,0.8555090460213588,0.0003140634351079103,p6,0.9,0.0,0.8666666666666666,0.0
point_missing,loso_test_p6_val_p7,0.7,pointnet_gru,5,0.8722146118721461,0.00048276260356634043,0.8466362762304348,0.00032864790904408436,p6,0.9,0.0,0.8666666666666666,0.0
coordinate_noise,loso_test_p6_val_p7,0.0,pointnet_gru,1,0.8931887366818874,0.0,0.861433413256316,0.0,p6,0.9,0.0,0.8666666666666666,0.0
coordinate_noise,loso_test_p6_val_p7,0.01,pointnet_gru,5,0.8931963470319635,8.474527188478273e-05,0.8613473143534783,8.002365799988786e-05,p6,0.9,0.0,0.8666666666666666,0.0
coordinate_noise,loso_test_p6_val_p7,0.02,pointnet_gru,5,0.8930441400304414,0.00018233102816912292,0.8611359366076947,0.00017250720328986833,p6,0.9,0.0,0.8666666666666666,0.0
coordinate_noise,loso_test_p6_val_p7,0.05,pointnet_gru,5,0.8905859969558598,0.0002833258823285687,0.8582299809235601,0.00022803040646404197,p6,0.9,0.0,0.8666666666666666,0.0
coordinate_noise,loso_test_p6_val_p7,0.08,pointnet_gru,5,0.8758066971080669,0.00034574784449317996,0.8429926127465084,0.00032173596690831646,p6,0.9,0.0,0.8666666666666666,0.0
coordinate_noise,loso_test_p6_val_p7,0.1,pointnet_gru,5,0.813082191780822,0.0008084183698562772,0.7756670492583597,0.0008426413125058379,p6,0.8,0.0,0.7333333333333333,0.0
strong_synthetic_clutter,loso_test_p6_val_p7,0.0,pointnet_gru,1,0.8931887366818874,0.0,0.861433413256316,0.0,p6,0.9,0.0,0.8666666666666666,0.0
strong_synthetic_clutter,loso_test_p6_val_p7,0.1,pointnet_gru,5,0.15728310502283102,0.0008127768371277329,0.06957002563576793,0.0005388217341877913,p6,0.2,0.0,0.08888888888888888,0.0
strong_synthetic_clutter,loso_test_p6_val_p7,0.2,pointnet_gru,5,0.1010882800608828,4.5662100456622666e-05,0.02033856965110641,7.428539528801284e-05,p6,0.1,0.0,0.01863636363636364,0.00022727272727272738
strong_synthetic_clutter,loso_test_p6_val_p7,0.4,pointnet_gru,5,0.1,0.0,0.018217866071504947,2.56936652501264e-06,p6,0.1,0.0,0.01818181818181818,0.0
strong_synthetic_clutter,loso_test_p6_val_p7,0.6,pointnet_gru,5,0.1,0.0,0.0181819439770801,2.515905238434368e-07,p6,0.1,0.0,0.01818181818181818,0.0
strong_synthetic_clutter,loso_test_p6_val_p7,0.8,pointnet_gru,5,0.1,0.0,0.01818181818181818,0.0,p6,0.1,0.0,0.01818181818181818,0.0
structured_realistic_clutter,loso_test_p6_val_p7,0.0,pointnet_gru,1,0.8931887366818874,0.0,0.861433413256316,0.0,p6,0.9,0.0,0.8666666666666666,0.0
structured_realistic_clutter,loso_test_p6_val_p7,0.02,pointnet_gru,5,0.8884703196347031,0.00028271195770174787,0.851784828528767,0.000330057060652947,p6,0.9,0.0,0.8666666666666666,0.0
structured_realistic_clutter,loso_test_p6_val_p7,0.05,pointnet_gru,5,0.6592465753424657,0.026824524686374005,0.631662140193625,0.03290068725585992,p6,0.6666666666666666,0.05962847939999442,0.624628205128205,0.06373494472552055
structured_realistic_clutter,loso_test_p6_val_p7,0.1,pointnet_gru,5,0.30579147640791476,0.04335639481745659,0.2421692223984319,0.05450434195466445,p6,0.29999999999999993,0.059628479399994376,0.22361538461538463,0.07167876123431939
structured_realistic_clutter,loso_test_p6_val_p7,0.15,pointnet_gru,5,0.20331050228310504,0.028415767214302876,0.13935076301784957,0.03374647776960475,p6,0.21999999999999997,0.026666666666666658,0.14219902319902317,0.03388742741723646
structured_realistic_clutter,loso_test_p6_val_p7,0.2,pointnet_gru,5,0.16180365296803653,0.03402333292175814,0.09202795838667582,0.0365145907964106,p6,0.15999999999999998,0.03887301263230201,0.08953475643130815,0.0390681919420757
structured_realistic_clutter,loso_test_p6_val_p7,0.3,pointnet_gru,5,0.13492389649923897,0.031444852200961264,0.06717186574114618,0.03968749519143638,p6,0.13999999999999999,0.048989794855663564,0.06762794639546585,0.05410983664983655
point_missing,loso_test_p6_val_p7,0.0,pointnet_tcn,1,0.8992389649923896,0.0,0.8656057182842698,0.0,p6,0.9,0.0,0.8666666666666666,0.0
point_missing,loso_test_p6_val_p7,0.1,pointnet_tcn,5,0.8989649923896499,8.125630328791248e-05,0.8654419253879497,6.81648443220844e-05,p6,0.9,0.0,0.8666666666666666,0.0
point_missing,loso_test_p6_val_p7,0.2,pointnet_tcn,5,0.8983409436834094,0.00014951965528454503,0.8650700554578383,9.100697335639793e-05,p6,0.9,0.0,0.8666666666666666,0.0
point_missing,loso_test_p6_val_p7,0.3,pointnet_tcn,5,0.8974733637747336,6.182677629099129e-05,0.8645163303362619,2.9117080927466208e-05,p6,0.9,0.0,0.8666666666666666,0.0
point_missing,loso_test_p6_val_p7,0.4,pointnet_tcn,5,0.8958904109589041,0.00022831050228311334,0.863438268233924,0.00022412543167771933,p6,0.9,0.0,0.8666666666666666,0.0
point_missing,loso_test_p6_val_p7,0.5,pointnet_tcn,5,0.8915525114155252,8.677134133174882e-05,0.8604360479841059,3.638663228862118e-05,p6,0.9,0.0,0.8666666666666666,0.0
point_missing,loso_test_p6_val_p7,0.6,pointnet_tcn,5,0.8772070015220701,0.00036099060047585556,0.8506030619762157,0.00026415680167566746,p6,0.9,0.0,0.8666666666666666,0.0
point_missing,loso_test_p6_val_p7,0.7,pointnet_tcn,5,0.8447869101978691,0.0006887261702738784,0.8250356604738522,0.0006678909617422867,p6,0.8666666666666668,1.1102230246251565e-16,0.8466666666666667,0.0
coordinate_noise,loso_test_p6_val_p7,0.0,pointnet_tcn,1,0.8992389649923896,0.0,0.8656057182842698,0.0,p6,0.9,0.0,0.8666666666666666,0.0
coordinate_noise,loso_test_p6_val_p7,0.01,pointnet_tcn,5,0.899269406392694,2.8475322578189327e-05,0.8656206442712329,1.9468188401968503e-05,p6,0.9,0.0,0.8666666666666666,0.0
coordinate_noise,loso_test_p6_val_p7,0.02,pointnet_tcn,5,0.8993607305936072,4.43755851966934e-05,0.8656674130361679,3.7880213519732836e-05,p6,0.9,0.0,0.8666666666666666,0.0
coordinate_noise,loso_test_p6_val_p7,0.05,pointnet_tcn,5,0.8996879756468799,5.592442335121615e-05,0.8659259714536475,6.0564459970374084e-05,p6,0.9,0.0,0.8666666666666666,0.0
coordinate_noise,loso_test_p6_val_p7,0.08,pointnet_tcn,5,0.900509893455099,0.00021062941405020625,0.8677839475113007,0.0003869101597190926,p6,0.9,0.0,0.8666666666666666,0.0
coordinate_noise,loso_test_p6_val_p7,0.1,pointnet_tcn,5,0.8989497716894977,0.00012176560121766045,0.8659428677561515,0.0003003782006321474,p6,0.9,0.0,0.8666666666666666,0.0
strong_synthetic_clutter,loso_test_p6_val_p7,0.0,pointnet_tcn,1,0.8992389649923896,0.0,0.8656057182842698,0.0,p6,0.9,0.0,0.8666666666666666,0.0
strong_synthetic_clutter,loso_test_p6_val_p7,0.1,pointnet_tcn,5,0.18449010654490108,0.0009798159476061598,0.08516285017507146,0.0011265265215518261,p6,0.2,0.0,0.08888888888888888,0.0
strong_synthetic_clutter,loso_test_p6_val_p7,0.2,pointnet_tcn,5,0.1323972602739726,0.0005647064371107813,0.04901124410677325,0.0004549856200455087,p6,0.1,0.0,0.02,0.0
strong_synthetic_clutter,loso_test_p6_val_p7,0.4,pointnet_tcn,5,0.10118721461187215,0.00015484771650970964,0.020538718836360458,0.00029968055002676266,p6,0.1,0.0,0.01818181818181818,0.0
strong_synthetic_clutter,loso_test_p6_val_p7,0.6,pointnet_tcn,5,0.10002283105022831,1.8641474450405382e-05,0.018227840299441144,3.757690168620535e-05,p6,0.1,0.0,0.01818181818181818,0.0
strong_synthetic_clutter,loso_test_p6_val_p7,0.8,pointnet_tcn,5,0.1,0.0,0.01818181818181818,0.0,p6,0.1,0.0,0.01818181818181818,0.0
structured_realistic_clutter,loso_test_p6_val_p7,0.0,pointnet_tcn,1,0.8992389649923896,0.0,0.8656057182842698,0.0,p6,0.9,0.0,0.8666666666666666,0.0
structured_realistic_clutter,loso_test_p6_val_p7,0.02,pointnet_tcn,5,0.8985616438356164,0.0005717394207303669,0.8603819215769926,0.00054832889146477,p6,0.9,0.0,0.8666666666666666,0.0
structured_realistic_clutter,loso_test_p6_val_p7,0.05,pointnet_tcn,5,0.7307990867579909,0.03284747875838751,0.6958942933744551,0.03232453662565607,p6,0.74,0.03887301263230204,0.7005281385281386,0.04266407296257108
structured_realistic_clutter,loso_test_p6_val_p7,0.1,pointnet_tcn,5,0.44980213089802135,0.0700862975538376,0.4247707189662009,0.08319415426286066,p6,0.47333333333333333,0.07717224601860148,0.42918907563025205,0.09354295733452055
structured_realistic_clutter,loso_test_p6_val_p7,0.15,pointnet_tcn,5,0.26905631659056317,0.037745436810847764,0.2217335471099886,0.04891867989059807,p6,0.26666666666666666,0.05577733510227169,0.20047193675889327,0.0674116250548667
structured_realistic_clutter,loso_test_p6_val_p7,0.2,pointnet_tcn,5,0.20292998477929985,0.013802519131196431,0.14573941434556986,0.009601722418373213,p6,0.18666666666666668,0.04521553322083513,0.11668253968253968,0.03785840402544716
structured_realistic_clutter,loso_test_p6_val_p7,0.3,pointnet_tcn,5,0.139558599695586,0.014149472642574306,0.06556948444202522,0.01572316634620632,p6,0.12666666666666665,0.024944382578492935,0.04395635362042481,0.02210340902588357
point_missing,loso_test_p6_val_p7,0.0,robhar_like,1,0.8985920852359208,0.0,0.8625405928245954,0.0,p6,0.9,0.0,0.8666666666666666,0.0
point_missing,loso_test_p6_val_p7,0.1,robhar_like,5,0.8985464231354643,0.00010599991078527114,0.862748733574777,0.0001098253240323641,p6,0.9,0.0,0.8666666666666666,0.0
point_missing,loso_test_p6_val_p7,0.2,robhar_like,5,0.8981202435312025,0.00018105597037090446,0.8625895523932471,0.00014408479333890252,p6,0.9,0.0,0.8666666666666666,0.0
point_missing,loso_test_p6_val_p7,0.3,robhar_like,5,0.8972070015220701,0.00033571910198041977,0.8620510620525476,0.0003371716676377181,p6,0.9,0.0,0.8666666666666666,0.0
point_missing,loso_test_p6_val_p7,0.4,robhar_like,5,0.8947792998477929,0.0005372713118636776,0.860244405857015,0.0005134266547157544,p6,0.9,0.0,0.8666666666666666,0.0
point_missing,loso_test_p6_val_p7,0.5,robhar_like,5,0.8892770167427703,0.00030096986199826346,0.8554892081683928,0.0002873528422665694,p6,0.9,0.0,0.8666666666666666,0.0
point_missing,loso_test_p6_val_p7,0.6,robhar_like,5,0.875296803652968,0.0006085425510412338,0.8436356013810252,0.0005064618562288547,p6,0.9,0.0,0.8666666666666666,0.0
point_missing,loso_test_p6_val_p7,0.7,robhar_like,5,0.826917808219178,0.0009328811700039937,0.8033983046580827,0.000787910682899228,p6,0.9,0.0,0.8666666666666666,0.0
coordinate_noise,loso_test_p6_val_p7,0.0,robhar_like,1,0.8985920852359208,0.0,0.8625405928245954,0.0,p6,0.9,0.0,0.8666666666666666,0.0
coordinate_noise,loso_test_p6_val_p7,0.01,robhar_like,5,0.8986073059360729,8.19659787996149e-05,0.862586797080797,8.87805313179388e-05,p6,0.9,0.0,0.8666666666666666,0.0
coordinate_noise,loso_test_p6_val_p7,0.02,robhar_like,5,0.8984094368340942,0.00012825189913510905,0.8625273297648759,0.00012949735522909067,p6,0.9,0.0,0.8666666666666666,0.0
coordinate_noise,loso_test_p6_val_p7,0.05,robhar_like,5,0.8978919330289195,0.00011936367687483202,0.8635017733564265,0.0001504919765243899,p6,0.9,0.0,0.8666666666666666,0.0
coordinate_noise,loso_test_p6_val_p7,0.08,robhar_like,5,0.8956773211567732,0.00030498424519809144,0.8614612876435892,0.00034294352354732324,p6,0.9,0.0,0.8666666666666666,0.0
coordinate_noise,loso_test_p6_val_p7,0.1,robhar_like,5,0.8782648401826485,0.0004587722031385718,0.8427443795234459,0.0005728455013564854,p6,0.9,0.0,0.8666666666666666,0.0
strong_synthetic_clutter,loso_test_p6_val_p7,0.0,robhar_like,1,0.8985920852359208,0.0,0.8625405928245954,0.0,p6,0.9,0.0,0.8666666666666666,0.0
strong_synthetic_clutter,loso_test_p6_val_p7,0.1,robhar_like,5,0.17969558599695584,0.00070106154964545,0.08289361080458242,0.0005640666200581314,p6,0.2,0.0,0.08888888888888888,0.0
strong_synthetic_clutter,loso_test_p6_val_p7,0.2,robhar_like,5,0.10678843226788433,0.00036066957720160665,0.027822437013024427,0.0004507075665098322,p6,0.1,0.0,0.019233870967741935,0.0002419354838709684
strong_synthetic_clutter,loso_test_p6_val_p7,0.4,robhar_like,5,0.10002283105022831,1.8641474450405382e-05,0.018354329216441808,3.2448837744323726e-05,p6,0.1,0.0,0.01818181818181818,0.0
strong_synthetic_clutter,loso_test_p6_val_p7,0.6,robhar_like,5,0.1,0.0,0.018204867123027147,6.430313909591434e-07,p6,0.1,0.0,0.01818181818181818,0.0
strong_synthetic_clutter,loso_test_p6_val_p7,0.8,robhar_like,5,0.1,0.0,0.0181832020167395,7.335583667409295e-07,p6,0.1,0.0,0.01818181818181818,0.0
structured_realistic_clutter,loso_test_p6_val_p7,0.0,robhar_like,1,0.8985920852359208,0.0,0.8625405928245954,0.0,p6,0.9,0.0,0.8666666666666666,0.0
structured_realistic_clutter,loso_test_p6_val_p7,0.02,robhar_like,5,0.7991704718417048,0.0014043931439151858,0.7577834998674955,0.001283247017516602,p6,0.8333333333333334,0.0,0.7916666666666667,0.0
structured_realistic_clutter,loso_test_p6_val_p7,0.05,robhar_like,5,0.5600456621004566,0.0325314916009803,0.5265751379684875,0.03965017304672141,p6,0.5466666666666666,0.04521553322083511,0.4881746586746587,0.05574840664474904
structured_realistic_clutter,loso_test_p6_val_p7,0.1,robhar_like,5,0.3137671232876712,0.023480420176349017,0.2520399196390726,0.027703921558212493,p6,0.3066666666666667,0.02494438257849294,0.22529854940381253,0.030705997489616256
structured_realistic_clutter,loso_test_p6_val_p7,0.15,robhar_like,5,0.2254642313546423,0.029199004145996205,0.15478333703802874,0.03855634368202795,p6,0.22000000000000003,0.033993463423951896,0.1386095238095238,0.029248886552746923
structured_realistic_clutter,loso_test_p6_val_p7,0.2,robhar_like,5,0.19700913242009133,0.04289995312357903,0.1278892253493693,0.05126621217729209,p6,0.2,0.03651483716701108,0.12552156961812133,0.04309052628051896
structured_realistic_clutter,loso_test_p6_val_p7,0.3,robhar_like,5,0.1452283105022831,0.02514087642606281,0.07426949900465271,0.02964764335756338,p6,0.13333333333333333,0.03651483716701108,0.0602758620689655,0.04306592082836289
point_missing,loso_test_p6_val_p7,0.0,pct_gru,1,0.8869482496194825,0.0,0.8541839893865397,0.0,p6,0.9,0.0,0.8666666666666666,0.0
point_missing,loso_test_p6_val_p7,0.1,pct_gru,5,0.8847260273972604,0.00021605889751261654,0.85197790186438,0.00020706496022367108,p6,0.9,0.0,0.8666666666666666,0.0
point_missing,loso_test_p6_val_p7,0.2,pct_gru,5,0.8813698630136987,0.0004719644363383324,0.8485471317354716,0.0004723673255047402,p6,0.9,0.0,0.8666666666666666,0.0
point_missing,loso_test_p6_val_p7,0.3,pct_gru,5,0.8769025875190259,0.0007094381239830269,0.843985679189317,0.0007057064994187565,p6,0.9,0.0,0.8666666666666666,0.0
point_missing,loso_test_p6_val_p7,0.4,pct_gru,5,0.8700913242009133,0.0005556076787958385,0.8369089179034475,0.0005942509171548389,p6,0.9,0.0,0.8666666666666666,0.0
point_missing,loso_test_p6_val_p7,0.5,pct_gru,5,0.8600304414003045,0.0004009722944389641,0.8264618486504732,0.00033628881096420965,p6,0.9,0.0,0.8666666666666666,0.0
point_missing,loso_test_p6_val_p7,0.6,pct_gru,5,0.8433713850837139,0.0010742191773877557,0.8088688922564622,0.0010923377388285204,p6,0.9,0.0,0.8666666666666666,0.0
point_missing,loso_test_p6_val_p7,0.7,pct_gru,5,0.8130060882800608,0.0011822771308496202,0.7777110230755552,0.001468000737732044,p6,0.8,0.0,0.7333333333333333,0.0
coordinate_noise,loso_test_p6_val_p7,0.0,pct_gru,1,0.8869482496194825,0.0,0.8541839893865397,0.0,p6,0.9,0.0,0.8666666666666666,0.0
coordinate_noise,loso_test_p6_val_p7,0.01,pct_gru,5,0.8874124809741248,0.00016914848379675555,0.8546767937390483,0.00017490767298996527,p6,0.9,0.0,0.8666666666666666,0.0
coordinate_noise,loso_test_p6_val_p7,0.02,pct_gru,5,0.8886605783866057,0.0002816857766106493,0.8559433870830964,0.0002888893445501856,p6,0.9,0.0,0.8666666666666666,0.0
coordinate_noise,loso_test_p6_val_p7,0.05,pct_gru,5,0.8903424657534247,0.00019903648144022065,0.8579329105423689,0.0001963275914919019,p6,0.9,0.0,0.8666666666666666,0.0
coordinate_noise,loso_test_p6_val_p7,0.08,pct_gru,5,0.8827701674277018,0.0005214061836517493,0.8511960292182488,0.00047218048640626075,p6,0.9,0.0,0.8666666666666666,0.0
coordinate_noise,loso_test_p6_val_p7,0.1,pct_gru,5,0.8638280060882801,0.0007856004810084369,0.8332154210593947,0.0007352253255159493,p6,0.9,0.0,0.8666666666666666,0.0
strong_synthetic_clutter,loso_test_p6_val_p7,0.0,pct_gru,1,0.8869482496194825,0.0,0.8541839893865397,0.0,p6,0.9,0.0,0.8666666666666666,0.0
strong_synthetic_clutter,loso_test_p6_val_p7,0.1,pct_gru,5,0.3399315068493151,0.0018092156799896504,0.27061819389633546,0.0013629690985180844,p6,0.4,0.0,0.325,0.0
strong_synthetic_clutter,loso_test_p6_val_p7,0.2,pct_gru,5,0.12115677321156774,0.0005770833671272082,0.05639771926827376,0.0009276063251906073,p6,0.1,0.0,0.01818181818181818,0.0
strong_synthetic_clutter,loso_test_p6_val_p7,0.4,pct_gru,5,0.1000076103500761,1.5220700152207556e-05,0.018198291149500185,3.107033905975955e-05,p6,0.1,0.0,0.01818181818181818,0.0
strong_synthetic_clutter,loso_test_p6_val_p7,0.6,pct_gru,5,0.1,0.0,0.01818181818181818,0.0,p6,0.1,0.0,0.01818181818181818,0.0
strong_synthetic_clutter,loso_test_p6_val_p7,0.8,pct_gru,5,0.1,0.0,0.01818181818181818,0.0,p6,0.1,0.0,0.01818181818181818,0.0
structured_realistic_clutter,loso_test_p6_val_p7,0.0,pct_gru,1,0.8869482496194825,0.0,0.8541839893865397,0.0,p6,0.9,0.0,0.8666666666666666,0.0
structured_realistic_clutter,loso_test_p6_val_p7,0.02,pct_gru,5,0.8873972602739727,0.001023698171979295,0.854388699235517,0.0010277400527390229,p6,0.9,0.0,0.8666666666666666,0.0
structured_realistic_clutter,loso_test_p6_val_p7,0.05,pct_gru,5,0.8120700152207002,0.020032248487785374,0.7802622556256168,0.01987183692410543,p6,0.8400000000000001,0.01333333333333333,0.8058095238095238,0.012237817302754686
structured_realistic_clutter,loso_test_p6_val_p7,0.1,pct_gru,5,0.5214459665144597,0.025357711577769358,0.5012648120624908,0.025061167507621277,p6,0.5266666666666667,0.038873012632301994,0.5027731092436976,0.04804737927875297
structured_realistic_clutter,loso_test_p6_val_p7,0.15,pct_gru,5,0.3924124809741248,0.04495571449249315,0.3436069039903261,0.04137387901630524,p6,0.38666666666666666,0.0618241233033047,0.33017726133515607,0.06265819719521341
structured_realistic_clutter,loso_test_p6_val_p7,0.2,pct_gru,5,0.3374961948249619,0.03994386758510999,0.28633044160718796,0.038333216673538166,p6,0.33999999999999997,0.03887301263230201,0.2835365967365967,0.0419678509069871
structured_realistic_clutter,loso_test_p6_val_p7,0.3,pct_gru,5,0.2430517503805175,0.04227470075029219,0.17703040667172437,0.042523940805702834,p6,0.24,0.06463573143221771,0.165202000298552,0.06269810526581623
point_missing,loso_test_p6_val_p7,0.0,dgcnn_gru,1,0.8473744292237443,0.0,0.8249347064248296,0.0,p6,0.9,0.0,0.8607142857142858,0.0
point_missing,loso_test_p6_val_p7,0.1,dgcnn_gru,5,0.8404033485540335,0.0007419213154918638,0.8189827186025974,0.0005553354809229149,p6,0.9,0.0,0.8607142857142858,0.0
point_missing,loso_test_p6_val_p7,0.2,dgcnn_gru,5,0.8327549467275495,0.000917481281898362,0.8156597312152949,0.0006911511138176622,p6,0.9,0.0,0.8607142857142858,0.0
point_missing,loso_test_p6_val_p7,0.3,dgcnn_gru,5,0.8210350076103501,0.0007508450218825253,0.8105295670293747,0.0007590253171123592,p6,0.8666666666666668,1.1102230246251565e-16,0.8407142857142856,0.0
point_missing,loso_test_p6_val_p7,0.4,dgcnn_gru,5,0.7988736681887366,0.00042617960426181154,0.7949767944482888,0.00020828306788299908,p6,0.8,0.0,0.799047619047619,0.0
point_missing,loso_test_p6_val_p7,0.5,dgcnn_gru,5,0.7679984779299848,0.0003736054096996659,0.7728246531939676,0.0004972805668404551,p6,0.7666666666666667,0.0,0.7657142857142857,0.0
point_missing,loso_test_p6_val_p7,0.6,dgcnn_gru,5,0.7079756468797564,0.0009430694718209782,0.720246364845389,0.0009234700870993225,p6,0.7266666666666667,0.01333333333333333,0.7397142857142855,0.01200000000000001
point_missing,loso_test_p6_val_p7,0.7,dgcnn_gru,5,0.6363165905631659,0.0012485613719827103,0.6527882132970753,0.001121555810911657,p6,0.6666666666666666,0.0,0.6657142857142857,0.0
coordinate_noise,loso_test_p6_val_p7,0.0,dgcnn_gru,1,0.8473744292237443,0.0,0.8249347064248296,0.0,p6,0.9,0.0,0.8607142857142858,0.0
coordinate_noise,loso_test_p6_val_p7,0.01,dgcnn_gru,5,0.8406012176560121,0.00032733353375353656,0.8156684984366327,0.00027263987974668287,p6,0.9,0.0,0.8607142857142858,0.0
coordinate_noise,loso_test_p6_val_p7,0.02,dgcnn_gru,5,0.8310958904109589,0.0004072781783944953,0.8025633579250601,0.0003354898768391919,p6,0.8666666666666668,1.1102230246251565e-16,0.8264285714285714,0.0
coordinate_noise,loso_test_p6_val_p7,0.05,dgcnn_gru,5,0.8103348554033486,0.00044739538680972917,0.7709267442942332,0.0005018736051786072,p6,0.8333333333333334,0.0,0.7916666666666667,0.0
coordinate_noise,loso_test_p6_val_p7,0.08,dgcnn_gru,5,0.7224581430745814,0.0003113740113467204,0.671029115344518,0.0004331605603431734,p6,0.7333333333333333,0.0,0.6712121212121211,0.0
coordinate_noise,loso_test_p6_val_p7,0.1,dgcnn_gru,5,0.6733409436834095,0.0003929476603782666,0.5999855997227737,0.0005072899444606232,p6,0.7,0.0,0.6166666666666667,0.0
strong_synthetic_clutter,loso_test_p6_val_p7,0.0,dgcnn_gru,1,0.8473744292237443,0.0,0.8249347064248296,0.0,p6,0.9,0.0,0.8607142857142858,0.0
strong_synthetic_clutter,loso_test_p6_val_p7,0.1,dgcnn_gru,5,0.10123287671232876,0.00016603823614361798,0.020803150170545046,0.00027365247927347864,p6,0.1,0.0,0.01818181818181818,0.0
strong_synthetic_clutter,loso_test_p6_val_p7,0.2,dgcnn_gru,5,0.1,0.0,0.018231389787182313,4.262117767989881e-06,p6,0.1,0.0,0.01818181818181818,0.0
strong_synthetic_clutter,loso_test_p6_val_p7,0.4,dgcnn_gru,5,0.1,0.0,0.01818181818181818,0.0,p6,0.1,0.0,0.01818181818181818,0.0
strong_synthetic_clutter,loso_test_p6_val_p7,0.6,dgcnn_gru,5,0.1,0.0,0.01818181818181818,0.0,p6,0.1,0.0,0.01818181818181818,0.0
strong_synthetic_clutter,loso_test_p6_val_p7,0.8,dgcnn_gru,5,0.1,0.0,0.01818181818181818,0.0,p6,0.1,0.0,0.01818181818181818,0.0
structured_realistic_clutter,loso_test_p6_val_p7,0.0,dgcnn_gru,1,0.8473744292237443,0.0,0.8249347064248296,0.0,p6,0.9,0.0,0.8607142857142858,0.0
structured_realistic_clutter,loso_test_p6_val_p7,0.02,dgcnn_gru,5,0.7517123287671234,0.0014980989105806408,0.6889590159342361,0.0022362839660308707,p6,0.7666666666666667,0.0,0.6976190476190476,0.0011664236870396044
structured_realistic_clutter,loso_test_p6_val_p7,0.05,dgcnn_gru,5,0.5201598173515982,0.023795282933816064,0.496924822480608,0.03455616538687403,p6,0.5266666666666666,0.038873012632301994,0.5032016806722689,0.048962174717993925
structured_realistic_clutter,loso_test_p6_val_p7,0.1,dgcnn_gru,5,0.17670471841704719,0.05354965062270864,0.1347515252457327,0.07025264945866604,p6,0.18,0.0805536398239638,0.127739057506577,0.10034842119954554
structured_realistic_clutter,loso_test_p6_val_p7,0.15,dgcnn_gru,5,0.11445966514459664,0.013556402699651264,0.04243402537238602,0.020210994979395023,p6,0.11333333333333333,0.01632993161855452,0.03949193548387096,0.024910709430460306
structured_realistic_clutter,loso_test_p6_val_p7,0.2,dgcnn_gru,5,0.10363774733637747,0.0031969449321200753,0.02618271821397291,0.005823363581062443,p6,0.1,0.0,0.019241935483870966,0.0004656516139758731
structured_realistic_clutter,loso_test_p6_val_p7,0.3,dgcnn_gru,5,0.10004566210045662,9.132420091323979e-05,0.018960205024542504,0.0004039587059301975,p6,0.1,0.0,0.01875733137829912,0.0003710503194171433
point_missing,loso_test_p6_val_p7,0.0,radar_stnet,1,0.9974885844748859,0.0,0.9974850016008181,0.0,p6,1.0,0.0,1.0,0.0
point_missing,loso_test_p6_val_p7,0.1,radar_stnet,5,0.9977701674277016,0.00010922907225576747,0.9977667145700165,0.00010931541510797814,p6,1.0,0.0,1.0,0.0
point_missing,loso_test_p6_val_p7,0.2,radar_stnet,5,0.9978462709284626,0.00012176560121766045,0.9978426349380467,0.00012204308709344222,p6,1.0,0.0,1.0,0.0
point_missing,loso_test_p6_val_p7,0.3,radar_stnet,5,0.9979680365296805,7.456589780162154e-05,0.997964574708466,7.48887680975847e-05,p6,1.0,0.0,1.0,0.0
point_missing,loso_test_p6_val_p7,0.4,radar_stnet,5,0.9978386605783867,0.0002737611225054125,0.9978347238113094,0.000274531006001001,p6,1.0,0.0,1.0,0.0
point_missing,loso_test_p6_val_p7,0.5,radar_stnet,5,0.9975190258751903,0.00016215582764583938,0.997514167186494,0.00016288185696884243,p6,1.0,0.0,1.0,0.0
point_missing,loso_test_p6_val_p7,0.6,radar_stnet,5,0.9967275494672755,0.00020841802035965985,0.9967230511539669,0.0002086552160127097,p6,1.0,0.0,1.0,0.0
point_missing,loso_test_p6_val_p7,0.7,radar_stnet,5,0.9930669710806697,0.0005252795715901603,0.9930664319995118,0.0005246142935500672,p6,1.0,0.0,1.0,0.0
coordinate_noise,loso_test_p6_val_p7,0.0,radar_stnet,1,0.9974885844748859,0.0,0.9974850016008181,0.0,p6,1.0,0.0,1.0,0.0
coordinate_noise,loso_test_p6_val_p7,0.01,radar_stnet,5,0.9975114155251141,0.00010654490106545289,0.9975077404972144,0.00010644433321689639,p6,1.0,0.0,1.0,0.0
coordinate_noise,loso_test_p6_val_p7,0.02,radar_stnet,5,0.9974353120243531,0.00010379133711557345,0.9974314086752478,0.00010374469574554829,p6,1.0,0.0,1.0,0.0
coordinate_noise,loso_test_p6_val_p7,0.05,radar_stnet,5,0.9967047184170472,0.00021739508153860305,0.996699781648686,0.0002174030872702191,p6,1.0,0.0,1.0,0.0
coordinate_noise,loso_test_p6_val_p7,0.08,radar_stnet,5,0.9940030441400303,0.00020221202824333192,0.9939985289482239,0.00020258720887743578,p6,1.0,0.0,1.0,0.0
coordinate_noise,loso_test_p6_val_p7,0.1,radar_stnet,5,0.987214611872146,0.0004508771154824707,0.987219050530388,0.00044865031358974633,p6,1.0,0.0,1.0,0.0
strong_synthetic_clutter,loso_test_p6_val_p7,0.0,radar_stnet,1,0.9974885844748859,0.0,0.9974850016008181,0.0,p6,1.0,0.0,1.0,0.0
strong_synthetic_clutter,loso_test_p6_val_p7,0.1,radar_stnet,5,0.16523592085235922,0.0006410788337489437,0.10075258175702202,0.0007456263635448422,p6,0.12666666666666665,0.013333333333333329,0.04340886699507389,0.011704433497536942
strong_synthetic_clutter,loso_test_p6_val_p7,0.2,radar_stnet,5,0.10220700152207,0.0002754484181256292,0.022523992615278432,0.0005327247300339739,p6,0.1,0.0,0.01818181818181818,0.0
strong_synthetic_clutter,loso_test_p6_val_p7,0.4,radar_stnet,5,0.1,0.0,0.01818181818181818,0.0,p6,0.1,0.0,0.01818181818181818,0.0
strong_synthetic_clutter,loso_test_p6_val_p7,0.6,radar_stnet,5,0.1,0.0,0.01818181818181818,0.0,p6,0.1,0.0,0.01818181818181818,0.0
strong_synthetic_clutter,loso_test_p6_val_p7,0.8,radar_stnet,5,0.1,0.0,0.01818181818181818,0.0,p6,0.1,0.0,0.01818181818181818,0.0
structured_realistic_clutter,loso_test_p6_val_p7,0.0,radar_stnet,1,0.9974885844748859,0.0,0.9974850016008181,0.0,p6,1.0,0.0,1.0,0.0
structured_realistic_clutter,loso_test_p6_val_p7,0.02,radar_stnet,5,0.9149543378995434,0.0023048181103765032,0.8996480780392206,0.0035423186640986767,p6,0.9333333333333333,0.0,0.925,0.0
structured_realistic_clutter,loso_test_p6_val_p7,0.05,radar_stnet,5,0.8359589041095891,0.018212968580540397,0.8159611486323298,0.021198039383315534,p6,0.8666666666666668,0.02108185106778919,0.8463809523809523,0.025724601105572387
structured_realistic_clutter,loso_test_p6_val_p7,0.1,radar_stnet,5,0.6160121765601217,0.03422682840121968,0.5756487172166056,0.03279729404034121,p6,0.6266666666666666,0.03265986323710903,0.5908424908424909,0.02194678182650826
structured_realistic_clutter,loso_test_p6_val_p7,0.15,radar_stnet,5,0.48765601217656007,0.07724832452903362,0.45338237157725125,0.06965249581830611,p6,0.49333333333333335,0.07118052168020872,0.4558956482114377,0.06105210259063159
structured_realistic_clutter,loso_test_p6_val_p7,0.2,radar_stnet,5,0.4167123287671233,0.07363959091195406,0.39295261070671145,0.06781389621940442,p6,0.42666666666666664,0.06110100926607787,0.39636340852130325,0.05184752577130345
structured_realistic_clutter,loso_test_p6_val_p7,0.3,radar_stnet,5,0.29898021308980216,0.05696196500605263,0.2748911807502952,0.05972148275881792,p6,0.2866666666666667,0.07180219742846006,0.2501068573938139,0.07718350623183542
point_missing,loso_test_p7_val_p1,0.0,pointnet_gru,1,0.617351598173516,0.0,0.5760220978904615,0.0,p7,0.6666666666666666,0.0,0.5928205128205127,0.0
point_missing,loso_test_p7_val_p1,0.1,pointnet_gru,5,0.611103500761035,0.0003150721696268403,0.5697943597704421,0.00040658940564713915,p7,0.6666666666666666,0.0,0.5928205128205127,0.0
point_missing,loso_test_p7_val_p1,0.2,pointnet_gru,5,0.5991171993911719,0.0009136858383712258,0.5582733760235612,0.000882593258647186,p7,0.6333333333333333,0.0,0.5728571428571428,0.0
point_missing,loso_test_p7_val_p1,0.3,pointnet_gru,5,0.5823363774733638,0.0012547618779619513,0.5418172668319619,0.0012002938488527165,p7,0.6333333333333333,0.0,0.5728571428571428,0.0
point_missing,loso_test_p7_val_p1,0.4,pointnet_gru,5,0.5569558599695587,0.0011235000809758841,0.5153633486561753,0.0012152789755704905,p7,0.6333333333333333,0.0,0.5728571428571428,0.0
point_missing,loso_test_p7_val_p1,0.5,pointnet_gru,5,0.522572298325723,0.0009684600319992764,0.47693183286534707,0.0008452959259310375,p7,0.5666666666666667,0.0,0.4628205128205128,0.0
point_missing,loso_test_p7_val_p1,0.6,pointnet_gru,5,0.486613394216134,0.0011408927570914788,0.4299682344652993,0.0014409733339707986,p7,0.5,0.0,0.41142857142857137,0.0
point_missing,loso_test_p7_val_p1,0.7,pointnet_gru,5,0.4550837138508371,0.0006919143459775159,0.38408908127484837,0.0009262504305253883,p7,0.4866666666666667,0.016329931618554516,0.39776623376623366,0.016753025267840248
coordinate_noise,loso_test_p7_val_p1,0.0,pointnet_gru,1,0.617351598173516,0.0,0.5760220978904615,0.0,p7,0.6666666666666666,0.0,0.5928205128205127,0.0
coordinate_noise,loso_test_p7_val_p1,0.01,pointnet_gru,5,0.6184170471841705,0.0002775431130717067,0.576756166299392,0.00022975427783934163,p7,0.6666666666666666,0.0,0.5928205128205127,0.0
coordinate_noise,loso_test_p7_val_p1,0.02,pointnet_gru,5,0.6189117199391172,0.00027962211675608076,0.5760796925122842,0.0003949177747100388,p7,0.6666666666666666,0.0,0.5928205128205127,0.0
coordinate_noise,loso_test_p7_val_p1,0.05,pointnet_gru,5,0.6184627092846271,0.00034908203778326124,0.570551784821386,0.00036523183622753664,p7,0.6333333333333333,0.0,0.5595238095238095,0.0
coordinate_noise,loso_test_p7_val_p1,0.08,pointnet_gru,5,0.6088051750380516,0.0005833719298854419,0.5581663727683784,0.0005495178996565623,p7,0.6333333333333333,0.0,0.5595238095238095,0.0
coordinate_noise,loso_test_p7_val_p1,0.1,pointnet_gru,5,0.5884398782343988,0.0006028050638756035,0.5352654469292208,0.0007164032182701296,p7,0.6,0.0,0.5066666666666666,0.0
strong_synthetic_clutter,loso_test_p7_val_p1,0.0,pointnet_gru,1,0.617351598173516,0.0,0.5760220978904615,0.0,p7,0.6666666666666666,0.0,0.5928205128205127,0.0
strong_synthetic_clutter,loso_test_p7_val_p1,0.1,pointnet_gru,5,0.2408599695585997,0.0008455369505224509,0.1805980823176422,0.000786051932113621,p7,0.23333333333333334,0.0,0.1706896551724138,0.0
strong_synthetic_clutter,loso_test_p7_val_p1,0.2,pointnet_gru,5,0.16210045662100456,0.0005065315461885449,0.09796694350329863,0.0005614269258634036,p7,0.2,0.0,0.12,0.0
strong_synthetic_clutter,loso_test_p7_val_p1,0.4,pointnet_gru,5,0.12227549467275496,0.0003049842451980813,0.05499153106480163,0.0004131745542400275,p7,0.1,0.0,0.01818181818181818,0.0
strong_synthetic_clutter,loso_test_p7_val_p1,0.6,pointnet_gru,5,0.1076331811263318,0.0005788870701898502,0.0324871949301073,0.001008794831464836,p7,0.1,0.0,0.01818181818181818,0.0
strong_synthetic_clutter,loso_test_p7_val_p1,0.8,pointnet_gru,5,0.10204718417047183,0.00020477357758102836,0.022227162876119276,0.000395781482253147,p7,0.1,0.0,0.01818181818181818,0.0
structured_realistic_clutter,loso_test_p7_val_p1,0.0,pointnet_gru,1,0.617351598173516,0.0,0.5760220978904615,0.0,p7,0.6666666666666666,0.0,0.5928205128205127,0.0
structured_realistic_clutter,loso_test_p7_val_p1,0.02,pointnet_gru,5,0.5303805175038052,0.0015649589043434885,0.47010897646133626,0.0013361433913947575,p7,0.5599999999999999,0.01333333333333333,0.48277310924369743,0.009453781512605052
structured_realistic_clutter,loso_test_p7_val_p1,0.05,pointnet_gru,5,0.32361491628614913,0.032401288664323,0.25517561549521794,0.025301175190399164,p7,0.3333333333333333,0.047140452079103175,0.2591461251167134,0.032173788043836166
structured_realistic_clutter,loso_test_p7_val_p1,0.1,pointnet_gru,5,0.28967275494672756,0.022813115736267056,0.23159959660934684,0.024117467614082334,p7,0.29333333333333333,0.024944382578492935,0.23432866479925307,0.0332485177410666
structured_realistic_clutter,loso_test_p7_val_p1,0.15,pointnet_gru,5,0.26686453576864533,0.02347873047635142,0.20928802647941983,0.023677886870127767,p7,0.29333333333333333,0.03265986323710903,0.22627884863674338,0.036064833099967886
structured_realistic_clutter,loso_test_p7_val_p1,0.2,pointnet_gru,5,0.23172754946727547,0.05023110895760355,0.18048252715428542,0.041176466189819946,p7,0.23333333333333334,0.036514837167011066,0.17536516816516817,0.032873214938809014
structured_realistic_clutter,loso_test_p7_val_p1,0.3,pointnet_gru,5,0.20863013698630137,0.06058131403403698,0.15411172209761453,0.05528791260106072,p7,0.21999999999999997,0.07483314773547882,0.16303940503940503,0.07553115604378882
point_missing,loso_test_p7_val_p1,0.0,pointnet_tcn,1,0.6621765601217656,0.0,0.6541542073940536,0.0,p7,0.7,0.0,0.6402597402597402,0.0
point_missing,loso_test_p7_val_p1,0.1,pointnet_tcn,5,0.6629680365296804,0.00041362795256316535,0.6524537680524537,0.0006321900056894012,p7,0.7266666666666667,0.01333333333333333,0.6802597402597401,0.019999999999999976
point_missing,loso_test_p7_val_p1,0.2,pointnet_tcn,5,0.6586529680365297,0.0004688865083942138,0.6448738216908582,0.000603207156513054,p7,0.7333333333333333,0.0,0.6902597402597401,0.0
point_missing,loso_test_p7_val_p1,0.3,pointnet_tcn,5,0.647716894977169,0.00040413753568799564,0.6281726513639987,0.000571127969672557,p7,0.7,0.02108185106778919,0.656974025974026,0.02039207529149201
point_missing,loso_test_p7_val_p1,0.4,pointnet_tcn,5,0.631324200913242,0.001029902801984469,0.6023720347060066,0.0012788993228296701,p7,0.6333333333333333,0.0,0.5562121212121213,0.0
point_missing,loso_test_p7_val_p1,0.5,pointnet_tcn,5,0.6095129375951294,0.001163910927643972,0.5659866324657343,0.0013592139815081766,p7,0.6333333333333333,0.0,0.5378787878787878,0.0
point_missing,loso_test_p7_val_p1,0.6,pointnet_tcn,5,0.5823972602739727,0.0012163710876465733,0.5257888060007067,0.0016543393084802855,p7,0.6066666666666667,0.013333333333333332,0.5165454545454545,0.010666666666666692
point_missing,loso_test_p7_val_p1,0.7,pointnet_tcn,5,0.539779299847793,0.0005883150103527669,0.4710646185571054,0.00025681816912215646,p7,0.5666666666666667,0.0,0.4698051948051948,0.0
coordinate_noise,loso_test_p7_val_p1,0.0,pointnet_tcn,1,0.6621765601217656,0.0,0.6541542073940536,0.0,p7,0.7,0.0,0.6402597402597402,0.0
coordinate_noise,loso_test_p7_val_p1,0.01,pointnet_tcn,5,0.659490106544901,0.0003442369217016455,0.6513232146510383,0.0003909585907938714,p7,0.7,0.0,0.6402597402597402,0.0
coordinate_noise,loso_test_p7_val_p1,0.02,pointnet_tcn,5,0.6544901065449011,0.0004591507801825856,0.6458289196644763,0.0005536878704063126,p7,0.7,0.0,0.6402597402597402,0.0
coordinate_noise,loso_test_p7_val_p1,0.05,pointnet_tcn,5,0.6196270928462709,0.0004916780914829127,0.6012255576142779,0.0005442723966543589,p7,0.6666666666666666,0.0,0.6157142857142857,0.0
coordinate_noise,loso_test_p7_val_p1,0.08,pointnet_tcn,5,0.5650152207001522,0.0013922157357417347,0.527754179731223,0.0016209305641086556,p7,0.5666666666666667,0.0,0.4868681318681318,0.0
coordinate_noise,loso_test_p7_val_p1,0.1,pointnet_tcn,5,0.5274961948249619,0.0008212833675162376,0.47140663505934144,0.0011582636383057645,p7,0.5333333333333333,0.0,0.44853479853479855,0.0
strong_synthetic_clutter,loso_test_p7_val_p1,0.0,pointnet_tcn,1,0.6621765601217656,0.0,0.6541542073940536,0.0,p7,0.7,0.0,0.6402597402597402,0.0
strong_synthetic_clutter,loso_test_p7_val_p1,0.1,pointnet_tcn,5,0.2393683409436834,0.0002484753077216831,0.1550847425111414,0.00016817301155744365,p7,0.23333333333333334,0.0,0.13974358974358975,0.0
strong_synthetic_clutter,loso_test_p7_val_p1,0.2,pointnet_tcn,5,0.1982648401826484,0.0004519035871934111,0.0745993172994323,0.00047904708556276425,p7,0.2,0.0,0.08307692307692308,0.0
strong_synthetic_clutter,loso_test_p7_val_p1,0.4,pointnet_tcn,5,0.19983257229832577,5.695064515637866e-05,0.06662614872430275,2.994351269624233e-05,p7,0.2,0.0,0.06708255933952528,0.0003490718748301306
strong_synthetic_clutter,loso_test_p7_val_p1,0.6,pointnet_tcn,5,0.19996955859969562,2.8475322578189327e-05,0.06867315297289518,5.939227508242518e-05,p7,0.2,0.0,0.07224080267558528,0.0
strong_synthetic_clutter,loso_test_p7_val_p1,0.8,pointnet_tcn,5,0.2,0.0,0.0712101719012043,6.569123699848798e-05,p7,0.2,0.0,0.075,0.0
structured_realistic_clutter,loso_test_p7_val_p1,0.0,pointnet_tcn,1,0.6621765601217656,0.0,0.6541542073940536,0.0,p7,0.7,0.0,0.6402597402597402,0.0
structured_realistic_clutter,loso_test_p7_val_p1,0.02,pointnet_tcn,5,0.5259969558599696,0.0023745511813506462,0.47457152242724465,0.002500996025844532,p7,0.5,0.0,0.42100840336134454,0.0
structured_realistic_clutter,loso_test_p7_val_p1,0.05,pointnet_tcn,5,0.3231354642313546,0.014061324025933407,0.25347512955171686,0.028591449831941503,p7,0.31333333333333335,0.026666666666666658,0.23085047632106453,0.04988853697656374
structured_realistic_clutter,loso_test_p7_val_p1,0.1,pointnet_tcn,5,0.27706240487062406,0.025191240490923764,0.1903198769303144,0.016333774985420952,p7,0.30666666666666664,0.0573488351136175,0.21207880354939176,0.05646801916195313
structured_realistic_clutter,loso_test_p7_val_p1,0.15,pointnet_tcn,5,0.23323439878234398,0.017156581871500466,0.12639833135041892,0.01635123082095893,p7,0.24,0.024944382578492935,0.1261890756302521,0.02948594899410695
structured_realistic_clutter,loso_test_p7_val_p1,0.2,pointnet_tcn,5,0.21815829528158295,0.02274793852667753,0.10249740567779683,0.02434381887004839,p7,0.21999999999999997,0.02666666666666666,0.09707002801120448,0.03543483397487094
structured_realistic_clutter,loso_test_p7_val_p1,0.3,pointnet_tcn,5,0.20796803652968038,0.023568623872196635,0.09107204914387748,0.023301600185261905,p7,0.20666666666666664,0.024944382578492946,0.0861953412944125,0.025469391166321614
point_missing,loso_test_p7_val_p1,0.0,robhar_like,1,0.5584474885844749,0.0,0.47767593618049525,0.0,p7,0.5666666666666667,0.0,0.4595454545454546,0.0
point_missing,loso_test_p7_val_p1,0.1,robhar_like,5,0.5558828006088281,0.00033485540334856625,0.4760925751156848,0.000436808988128173,p7,0.5666666666666667,0.0,0.4595454545454546,0.0
point_missing,loso_test_p7_val_p1,0.2,robhar_like,5,0.5517732115677321,0.0005708269891202392,0.47283025393647493,0.0005105372132990967,p7,0.6,0.0,0.5149999999999999,0.0
point_missing,loso_test_p7_val_p1,0.3,robhar_like,5,0.546468797564688,0.0009181123303820013,0.46870469071276766,0.0008747573065140975,p7,0.6,0.0,0.5149999999999999,0.0
point_missing,loso_test_p7_val_p1,0.4,robhar_like,5,0.5389117199391172,0.000528138556252606,0.4619735044447112,0.000679786460869768,p7,0.6,0.0,0.5149999999999999,0.0
point_missing,loso_test_p7_val_p1,0.5,robhar_like,5,0.5272222222222223,0.0007035356011519018,0.4503823344963919,0.0006622509747332776,p7,0.5666666666666667,0.0,0.4795454545454545,0.0
point_missing,loso_test_p7_val_p1,0.6,robhar_like,5,0.5097260273972603,0.0009115280720400612,0.4310161618139537,0.0009356092613107274,p7,0.5333333333333333,0.0,0.425,0.0
point_missing,loso_test_p7_val_p1,0.7,robhar_like,5,0.4838356164383562,0.0018050171773450968,0.39947614000370973,0.0018211648375380876,p7,0.5533333333333333,0.01632993161855452,0.4527619047619047,0.01586336214373866
coordinate_noise,loso_test_p7_val_p1,0.0,robhar_like,1,0.5584474885844749,0.0,0.47767593618049525,0.0,p7,0.5666666666666667,0.0,0.4595454545454546,0.0
coordinate_noise,loso_test_p7_val_p1,0.01,robhar_like,5,0.5587366818873669,0.00011936367687487591,0.4775369125447938,0.00024025244353409892,p7,0.5666666666666667,0.0,0.4595454545454546,0.0
coordinate_noise,loso_test_p7_val_p1,0.02,robhar_like,5,0.5591780821917809,0.00020048614721944073,0.47760059320309367,0.0002367011331777994,p7,0.5666666666666667,0.0,0.4595454545454546,0.0
coordinate_noise,loso_test_p7_val_p1,0.05,robhar_like,5,0.5647945205479452,0.00036131133852266824,0.4846700881058729,0.00021622361560209004,p7,0.6,0.0,0.485,0.0
coordinate_noise,loso_test_p7_val_p1,0.08,robhar_like,5,0.576917808219178,0.0012192246365031803,0.5048709178228453,0.0014761426138557218,p7,0.6,0.0,0.4833333333333333,0.0
coordinate_noise,loso_test_p7_val_p1,0.1,robhar_like,5,0.5795357686453577,0.0008873159076957387,0.5111943286354831,0.0009225536098409288,p7,0.6333333333333333,0.0,0.5485347985347986,0.0
strong_synthetic_clutter,loso_test_p7_val_p1,0.0,robhar_like,1,0.5584474885844749,0.0,0.47767593618049525,0.0,p7,0.5666666666666667,0.0,0.4595454545454546,0.0
strong_synthetic_clutter,loso_test_p7_val_p1,0.1,robhar_like,5,0.275441400304414,0.0006124322538426351,0.18770690554946395,0.0008725150123082852,p7,0.3,0.0,0.22222222222222224,0.0
strong_synthetic_clutter,loso_test_p7_val_p1,0.2,robhar_like,5,0.2217503805175038,0.0004670300149944031,0.14354617480395282,0.00018566662208034995,p7,0.23333333333333334,0.0,0.14722222222222223,0.0
strong_synthetic_clutter,loso_test_p7_val_p1,0.4,robhar_like,5,0.16408675799086758,0.0009681609676583966,0.07798488625748892,0.0007291600382952449,p7,0.16666666666666666,0.0,0.07142857142857142,0.0
strong_synthetic_clutter,loso_test_p7_val_p1,0.6,robhar_like,5,0.15817351598173515,0.0004773333875362731,0.0736156470887673,0.0005150510827441978,p7,0.2,0.0,0.09642857142857143,0.0
strong_synthetic_clutter,loso_test_p7_val_p1,0.8,robhar_like,5,0.1660350076103501,0.0010206384595239167,0.08032003175631248,0.0008262542542908865,p7,0.2,0.0,0.09642857142857143,0.0
structured_realistic_clutter,loso_test_p7_val_p1,0.0,robhar_like,1,0.5584474885844749,0.0,0.47767593618049525,0.0,p7,0.5666666666666667,0.0,0.4595454545454546,0.0
structured_realistic_clutter,loso_test_p7_val_p1,0.02,robhar_like,5,0.6060958904109588,0.0006323463646222363,0.5426652887327451,0.0005961863381377246,p7,0.6666666666666666,0.0,0.5928205128205127,0.0
structured_realistic_clutter,loso_test_p7_val_p1,0.05,robhar_like,5,0.37159817351598173,0.02081934470558368,0.3047305766098868,0.019762803883919423,p7,0.37333333333333335,0.02494438257849296,0.30419841269841275,0.02537931439963092
structured_realistic_clutter,loso_test_p7_val_p1,0.1,robhar_like,5,0.2465144596651446,0.04227463224894957,0.1881301806653939,0.02724942284848474,p7,0.25999999999999995,0.05333333333333332,0.20105017550463775,0.03295142388102296
structured_realistic_clutter,loso_test_p7_val_p1,0.15,robhar_like,5,0.20684931506849313,0.05516765814288726,0.13806384399883065,0.04146911979822927,p7,0.22666666666666666,0.06463573143221771,0.15910215710215708,0.04678494325828191
structured_realistic_clutter,loso_test_p7_val_p1,0.2,robhar_like,5,0.1834627092846271,0.05469618798112304,0.11728294289994654,0.031033589442751697,p7,0.19333333333333333,0.06463573143221771,0.1268554812337421,0.03869331044568705
structured_realistic_clutter,loso_test_p7_val_p1,0.3,robhar_like,5,0.17633942161339422,0.04344854367625046,0.09213063950715279,0.030629929545890767,p7,0.18,0.04,0.08687571190419487,0.04302017757359674
point_missing,loso_test_p7_val_p1,0.0,pct_gru,1,0.4893455098934551,0.0,0.4307598674879872,0.0,p7,0.5666666666666667,0.0,0.4800000000000001,0.0
point_missing,loso_test_p7_val_p1,0.1,pct_gru,5,0.4854185692541857,0.0009306434454246134,0.4234778764490367,0.0009708858402569786,p7,0.5666666666666667,0.0,0.4800000000000001,0.0
point_missing,loso_test_p7_val_p1,0.2,pct_gru,5,0.4818264840182649,0.001233393356243159,0.41626815165428244,0.0015412200306751873,p7,0.5466666666666666,0.01632993161855452,0.4665000000000001,0.011022703842524339
point_missing,loso_test_p7_val_p1,0.3,pct_gru,5,0.4764231354642313,0.0008531063261851672,0.40683236022502267,0.0010400863525574942,p7,0.5333333333333333,0.0,0.45353246753246756,0.0008271004326280565
point_missing,loso_test_p7_val_p1,0.4,pct_gru,5,0.4721993911719939,0.0006985787362169258,0.397621177536611,0.0008080719492389799,p7,0.5199999999999999,0.01632993161855452,0.43971428571428567,0.01609664688114657
point_missing,loso_test_p7_val_p1,0.5,pct_gru,5,0.4670852359208523,0.0007215799888056996,0.3872301278764098,0.0008772940465558517,p7,0.5,0.0,0.42000000000000004,0.0
point_missing,loso_test_p7_val_p1,0.6,pct_gru,5,0.4636225266362253,0.0007949082604578053,0.3765710590342849,0.0010965675168666269,p7,0.4866666666666667,0.016329931618554516,0.399,0.025719642299223393
point_missing,loso_test_p7_val_p1,0.7,pct_gru,5,0.4621841704718417,0.0009269018994036666,0.36435385230955675,0.0009678089054496746,p7,0.4666666666666667,0.0,0.3675,0.0
coordinate_noise,loso_test_p7_val_p1,0.0,pct_gru,1,0.4893455098934551,0.0,0.4307598674879872,0.0,p7,0.5666666666666667,0.0,0.4800000000000001,0.0
coordinate_noise,loso_test_p7_val_p1,0.01,pct_gru,5,0.48970319634703197,0.00016777327005364844,0.43080536312399487,0.00024088758193229766,p7,0.5666666666666667,0.0,0.4800000000000001,0.0
coordinate_noise,loso_test_p7_val_p1,0.02,pct_gru,5,0.49149923896499237,0.00039588452979115853,0.43200707067453703,0.00047547690452032817,p7,0.5666666666666667,0.0,0.4800000000000001,0.0
coordinate_noise,loso_test_p7_val_p1,0.05,pct_gru,5,0.5042161339421614,0.0009979139551388706,0.4425883703467406,0.0010065325283703443,p7,0.6,0.0,0.5315624375624376,0.0010571224464358655
coordinate_noise,loso_test_p7_val_p1,0.08,pct_gru,5,0.5303044140030441,0.0005496337925500288,0.46496149613493837,0.0007146295361933739,p7,0.6599999999999999,0.01333333333333333,0.5829090909090908,0.014181818181818205
coordinate_noise,loso_test_p7_val_p1,0.1,pct_gru,5,0.5545205479452056,0.0005291246056550785,0.4827952687185363,0.00023971473346138202,p7,0.6666666666666666,0.0,0.59,0.0
strong_synthetic_clutter,loso_test_p7_val_p1,0.0,pct_gru,1,0.4893455098934551,0.0,0.4307598674879872,0.0,p7,0.5666666666666667,0.0,0.4800000000000001,0.0
strong_synthetic_clutter,loso_test_p7_val_p1,0.1,pct_gru,5,0.48820395738203953,0.0006643273315919396,0.39175585806544566,0.0007357429964460791,p7,0.5,0.0,0.407012987012987,0.003022097734602671
strong_synthetic_clutter,loso_test_p7_val_p1,0.2,pct_gru,5,0.4498249619482496,0.0016557715377135264,0.3669300206989664,0.0011330584365643632,p7,0.6,0.0,0.5,0.0
strong_synthetic_clutter,loso_test_p7_val_p1,0.4,pct_gru,5,0.33058599695586,0.0020533000935752345,0.27217719045536165,0.001812990753410969,p7,0.3333333333333333,0.0,0.2252941176470588,0.0
strong_synthetic_clutter,loso_test_p7_val_p1,0.6,pct_gru,5,0.2728310502283105,0.0012946545386502632,0.19168055927003014,0.0016411126594485924,p7,0.3,0.0,0.1733333333333333,0.0
strong_synthetic_clutter,loso_test_p7_val_p1,0.8,pct_gru,5,0.2557610350076104,0.0007068208658143883,0.16056201036864548,0.0005201893211789247,p7,0.3,0.0,0.1733333333333333,0.0
structured_realistic_clutter,loso_test_p7_val_p1,0.0,pct_gru,1,0.4893455098934551,0.0,0.4307598674879872,0.0,p7,0.5666666666666667,0.0,0.4800000000000001,0.0
structured_realistic_clutter,loso_test_p7_val_p1,0.02,pct_gru,5,0.49264840182648406,0.0013293955041904547,0.43250882044574296,0.0016178536213008142,p7,0.5666666666666667,0.0,0.4800000000000001,0.0
structured_realistic_clutter,loso_test_p7_val_p1,0.05,pct_gru,5,0.513013698630137,0.02661259007920597,0.4432617742425308,0.026530151533659216,p7,0.5800000000000001,0.05811865258054231,0.5082002442002441,0.056320538652611336
structured_realistic_clutter,loso_test_p7_val_p1,0.1,pct_gru,5,0.44372146118721456,0.021565145945408076,0.3618175324466328,0.02538931583303211,p7,0.47333333333333333,0.03265986323710903,0.38255988455988454,0.03178703026235923
structured_realistic_clutter,loso_test_p7_val_p1,0.15,pct_gru,5,0.38252663622526634,0.016608905141605495,0.3048088991844537,0.012285564603603373,p7,0.4066666666666666,0.03265986323710906,0.32607142857142857,0.026028386477205467
structured_realistic_clutter,loso_test_p7_val_p1,0.2,pct_gru,5,0.3671461187214612,0.022480252753039217,0.29245885105468367,0.01593727362911507,p7,0.3866666666666666,0.03399346342395192,0.31585847485847485,0.022315795872057436
structured_realistic_clutter,loso_test_p7_val_p1,0.3,pct_gru,5,0.30659817351598173,0.033676470682706315,0.24011322550453912,0.03781194371566538,p7,0.32666666666666666,0.038873012632302015,0.25422549019607843,0.05625394742502467
point_missing,loso_test_p7_val_p1,0.0,dgcnn_gru,1,0.7050228310502283,0.0,0.6570266486739498,0.0,p7,0.8,0.0,0.7333333333333333,0.0
point_missing,loso_test_p7_val_p1,0.1,dgcnn_gru,5,0.6857001522070014,0.0007328889614918679,0.6339373487592399,0.0011452004045560107,p7,0.76,0.013333333333333376,0.6909047619047619,0.016285714285714282
point_missing,loso_test_p7_val_p1,0.2,dgcnn_gru,5,0.6594292237442924,0.00028106826959847884,0.6004678069368374,0.0005917874209015158,p7,0.7,0.0,0.6,0.0
point_missing,loso_test_p7_val_p1,0.3,dgcnn_gru,5,0.6367503805175039,0.0009430080560759495,0.5683223791664405,0.0012554228090709734,p7,0.7,0.0,0.6,0.0
point_missing,loso_test_p7_val_p1,0.4,dgcnn_gru,5,0.6173287671232877,0.0009446035676910903,0.544810759629229,0.001326930710993571,p7,0.7,0.0,0.6,0.0
point_missing,loso_test_p7_val_p1,0.5,dgcnn_gru,5,0.5839421613394217,0.0006941707306539468,0.5174975910980019,0.0008668612235546389,p7,0.6466666666666666,0.016329931618554516,0.5606666666666666,0.013063945294843646
point_missing,loso_test_p7_val_p1,0.6,dgcnn_gru,5,0.5202130898021309,0.0010355111139874929,0.4560254919487054,0.0011611023513216237,p7,0.58,0.01632993161855452,0.5042467532467533,0.017970225181806652
point_missing,loso_test_p7_val_p1,0.7,dgcnn_gru,5,0.4377777777777778,0.0011903327120862757,0.34766528917643214,0.0015026363033318025,p7,0.4,0.0,0.2791666666666667,0.0
coordinate_noise,loso_test_p7_val_p1,0.0,dgcnn_gru,1,0.7050228310502283,0.0,0.6570266486739498,0.0,p7,0.8,0.0,0.7333333333333333,0.0
coordinate_noise,loso_test_p7_val_p1,0.01,dgcnn_gru,5,0.7063470319634704,0.0004387681980334504,0.6585279552445666,0.0006952689375994633,p7,0.8,0.0,0.7333333333333333,0.0
coordinate_noise,loso_test_p7_val_p1,0.02,dgcnn_gru,5,0.7095205479452055,0.0006193908660388351,0.660791267200383,0.0007940363981226327,p7,0.8,0.0,0.7333333333333333,0.0
coordinate_noise,loso_test_p7_val_p1,0.05,dgcnn_gru,5,0.6968112633181127,0.0008396944515066269,0.6403562422502971,0.000977153377959992,p7,0.7333333333333333,0.0,0.6583333333333333,0.0
coordinate_noise,loso_test_p7_val_p1,0.08,dgcnn_gru,5,0.6186301369863013,0.0005657311275508822,0.5554567160155693,0.0006865798308295293,p7,0.6333333333333333,0.0,0.550909090909091,0.001515151515151514
coordinate_noise,loso_test_p7_val_p1,0.1,dgcnn_gru,5,0.5312100456621004,0.0007713907298881769,0.43157565686562605,0.0007194781305135855,p7,0.5533333333333333,0.01632993161855452,0.43312820512820516,0.01658116133576306
strong_synthetic_clutter,loso_test_p7_val_p1,0.0,dgcnn_gru,1,0.7050228310502283,0.0,0.6570266486739498,0.0,p7,0.8,0.0,0.7333333333333333,0.0
strong_synthetic_clutter,loso_test_p7_val_p1,0.1,dgcnn_gru,5,0.2304794520547945,0.0007319400327881088,0.16967063124314796,0.0007862865611841352,p7,0.2,0.0,0.12,0.0
strong_synthetic_clutter,loso_test_p7_val_p1,0.2,dgcnn_gru,5,0.11148401826484018,0.0003187274214820703,0.039540126184647785,0.0005413466387133378,p7,0.1,0.0,0.01818181818181818,0.0
strong_synthetic_clutter,loso_test_p7_val_p1,0.4,dgcnn_gru,5,0.1,0.0,0.01818181818181818,0.0,p7,0.1,0.0,0.01818181818181818,0.0
strong_synthetic_clutter,loso_test_p7_val_p1,0.6,dgcnn_gru,5,0.1,0.0,0.01818181818181818,0.0,p7,0.1,0.0,0.01818181818181818,0.0
strong_synthetic_clutter,loso_test_p7_val_p1,0.8,dgcnn_gru,5,0.1,0.0,0.01818181818181818,0.0,p7,0.1,0.0,0.01818181818181818,0.0
structured_realistic_clutter,loso_test_p7_val_p1,0.0,dgcnn_gru,1,0.7050228310502283,0.0,0.6570266486739498,0.0,p7,0.8,0.0,0.7333333333333333,0.0
structured_realistic_clutter,loso_test_p7_val_p1,0.02,dgcnn_gru,5,0.666392694063927,0.0024474582943369064,0.6024038650392045,0.003318129855572139,p7,0.7133333333333333,0.01632993161855452,0.6505324675324675,0.012024767828208325
structured_realistic_clutter,loso_test_p7_val_p1,0.05,dgcnn_gru,5,0.42014459665144593,0.02717122638607604,0.33768440095253044,0.03343487355224686,p7,0.4133333333333333,0.0339934634239519,0.32577289377289376,0.048128209728217096
structured_realistic_clutter,loso_test_p7_val_p1,0.1,dgcnn_gru,5,0.2790639269406393,0.020004589429619638,0.20521658747138832,0.03558596781239855,p7,0.29333333333333333,0.01333333333333333,0.21526297562087038,0.025081564526777983
structured_realistic_clutter,loso_test_p7_val_p1,0.15,dgcnn_gru,5,0.2345890410958904,0.024309106916916207,0.15697402957281817,0.03775653284113452,p7,0.24,0.024944382578492935,0.15067368187368185,0.040984350293365515
structured_realistic_clutter,loso_test_p7_val_p1,0.2,dgcnn_gru,5,0.20732876712328768,0.017761741897172303,0.132492547151174,0.021107521059334222,p7,0.1933333333333333,0.02494438257849295,0.11227126436781606,0.02433751435225665
structured_realistic_clutter,loso_test_p7_val_p1,0.3,dgcnn_gru,5,0.16587519025875191,0.02079538985434862,0.10225619614411426,0.012457559684902855,p7,0.15333333333333332,0.026666666666666672,0.08336290322580646,0.022733978246436966
point_missing,loso_test_p7_val_p1,0.0,radar_stnet,1,0.6316971080669711,0.0,0.5943669485215392,0.0,p7,0.6333333333333333,0.0,0.5595238095238095,0.0
point_missing,loso_test_p7_val_p1,0.1,radar_stnet,5,0.625220700152207,0.0006018434983186687,0.5859896670529462,0.0008459406616653833,p7,0.6066666666666667,0.01333333333333333,0.5172380952380952,0.021142857142857175
point_missing,loso_test_p7_val_p1,0.2,radar_stnet,5,0.6167123287671232,0.001455627423562299,0.5741389553646401,0.0018948969275267105,p7,0.6,0.0,0.5066666666666666,0.0
point_missing,loso_test_p7_val_p1,0.3,radar_stnet,5,0.6081126331811264,0.0005882165558276669,0.5612494921343444,0.0009445227003921914,p7,0.6,0.0,0.5066666666666666,0.0
point_missing,loso_test_p7_val_p1,0.4,radar_stnet,5,0.5969634703196347,0.0006718693593407624,0.5442234943337876,0.0006746432325157568,p7,0.6,0.0,0.5066666666666666,0.0
point_missing,loso_test_p7_val_p1,0.5,radar_stnet,5,0.5850837138508371,0.000538133014601654,0.5249551696529815,0.0007532013844522037,p7,0.6,0.0,0.5066666666666666,0.0
point_missing,loso_test_p7_val_p1,0.6,radar_stnet,5,0.5697564687975647,0.0007430913545652318,0.5008997398978781,0.0008599480278594514,p7,0.6,0.0,0.5101666666666667,0.002857738033247053
point_missing,loso_test_p7_val_p1,0.7,radar_stnet,5,0.5503576864535769,0.0007755839155918975,0.47073147524500863,0.001192600989369004,p7,0.6,0.0,0.5089285714285714,0.0
coordinate_noise,loso_test_p7_val_p1,0.0,radar_stnet,1,0.6316971080669711,0.0,0.5943669485215392,0.0,p7,0.6333333333333333,0.0,0.5595238095238095,0.0
coordinate_noise,loso_test_p7_val_p1,0.01,radar_stnet,5,0.6323592085235921,0.000419329598598326,0.5954891298609291,0.000510833224908552,p7,0.6333333333333333,0.0,0.5595238095238095,0.0
coordinate_noise,loso_test_p7_val_p1,0.02,radar_stnet,5,0.6336529680365296,0.0007462801018040615,0.5983652121502747,0.0008028092474137849,p7,0.6333333333333333,0.0,0.5595238095238095,0.0
coordinate_noise,loso_test_p7_val_p1,0.05,radar_stnet,5,0.6437214611872146,0.0006243270715979634,0.61630155796039,0.0006632041880458881,p7,0.6933333333333334,0.01333333333333333,0.662,0.013142857142857166
coordinate_noise,loso_test_p7_val_p1,0.08,radar_stnet,5,0.6527549467275494,0.0005703194519085502,0.6299900027015728,0.0006437134626510111,p7,0.7666666666666667,0.0,0.7261538461538461,0.0
coordinate_noise,loso_test_p7_val_p1,0.1,radar_stnet,5,0.6471537290715373,0.00047854520311303077,0.623105089556065,0.0004005050985991477,p7,0.6733333333333332,0.01333333333333333,0.6219999999999999,0.00900000000000003
strong_synthetic_clutter,loso_test_p7_val_p1,0.0,radar_stnet,1,0.6316971080669711,0.0,0.5943669485215392,0.0,p7,0.6333333333333333,0.0,0.5595238095238095,0.0
strong_synthetic_clutter,loso_test_p7_val_p1,0.1,radar_stnet,5,0.34696347031963476,0.0014281121522771924,0.29292295987739553,0.0015847463163417082,p7,0.31999999999999995,0.01632993161855452,0.2585974025974026,0.02447828368308305
strong_synthetic_clutter,loso_test_p7_val_p1,0.2,radar_stnet,5,0.27525114155251146,0.0010568800886687395,0.22689363558302683,0.0012969299910435184,p7,0.3,0.0,0.22273504273504274,0.00041871619534755033
strong_synthetic_clutter,loso_test_p7_val_p1,0.4,radar_stnet,5,0.21295281582952813,0.0009244617740675945,0.1489838297441301,0.0011105976358683945,p7,0.2,0.0,0.12,0.0
strong_synthetic_clutter,loso_test_p7_val_p1,0.6,radar_stnet,5,0.19465753424657534,0.0002843461444789842,0.12150161663784365,0.0004595947079676524,p7,0.2,0.0,0.12,0.0
strong_synthetic_clutter,loso_test_p7_val_p1,0.8,radar_stnet,5,0.18563165905631657,0.00020505621895444706,0.11242304839961186,8.432723898971057e-05,p7,0.2,0.0,0.12,0.0
structured_realistic_clutter,loso_test_p7_val_p1,0.0,radar_stnet,1,0.6316971080669711,0.0,0.5943669485215392,0.0,p7,0.6333333333333333,0.0,0.5595238095238095,0.0
structured_realistic_clutter,loso_test_p7_val_p1,0.02,radar_stnet,5,0.4139041095890411,0.001899784845910023,0.369163446666737,0.0020025496409156462,p7,0.4333333333333334,5.551115123125783e-17,0.3760869565217392,0.0
structured_realistic_clutter,loso_test_p7_val_p1,0.05,radar_stnet,5,0.3330821917808219,0.023517885477068127,0.2830936342079517,0.008050396113850089,p7,0.31333333333333335,0.03399346342395189,0.24188152427282864,0.03328259337612535
structured_realistic_clutter,loso_test_p7_val_p1,0.1,radar_stnet,5,0.33457382039573824,0.04826825523942589,0.2878010775870428,0.029366089951111247,p7,0.32,0.05811865258054232,0.2633851796817472,0.047786085528497065
structured_realistic_clutter,loso_test_p7_val_p1,0.15,radar_stnet,5,0.33695585996955857,0.05516737153476348,0.29818578858137845,0.03279322560200678,p7,0.3466666666666666,0.0618241233033047,0.2920675581728213,0.039622084597472795
structured_realistic_clutter,loso_test_p7_val_p1,0.2,radar_stnet,5,0.3330517503805175,0.04554542806191192,0.29281674339655195,0.021244691906241245,p7,0.36,0.04898979485566358,0.30256507871213756,0.024273007821056618
structured_realistic_clutter,loso_test_p7_val_p1,0.3,radar_stnet,5,0.29767123287671227,0.036781361236200794,0.2598493371223149,0.014447254598546835,p7,0.32666666666666666,0.038873012632301994,0.27402197802197803,0.022276380221068235
